Workbook

Sheet 요약
A1: B3 ROI 요약 - 자동차 와이어 하네스 프리블록 작업장, 손 구성 셀 1기 (가상 고객 케이스)
A2: ="결론: 기본 시나리오(가정 시트 선택값)의 단순 회수 기간은 "&IF(ISNUMBER('계산'!C56),TEXT('계산'!C56,"0.0")&"년","회수 불가")&", 5년 NPV는 "&TEXT('계산'!C59/1000000,"#,##0")&"백만 원(할인율 "&TEXT('가정'!$D$83,"0%")&")이다. 이 가정이면 이렇다는 값이며, 인건비·속도비·교대·손 교체 단위에 따라 크게 달라진다. 모든 입력은 PoC와 고객 급여대장으로 교체해야 한다."
A4: 1. 시나리오별 결과 (계산 시트 D절 링크)
A5: 시나리오 | B5: 연간 절감 인건비 (원) | C5: 연간 운영비 (원) | D5: 연간 순효과 (원) | E5: 총 투자비 (원) | F5: 회수 기간 (년) | G5: 5년 NPV (원) | H5: 5년 내 회수?
A6: 기본 (가정 시트 선택값) | B6: ='계산'!C49 | C6: ='계산'!C54 | D6: ='계산'!C55 | E6: ='계산'!$C$27 | F6: ='계산'!C56 | G6: ='계산'!C59 | H6: ='계산'!C60
A7: 인건비 하한 | B7: ='계산'!D49 | C7: ='계산'!D54 | D7: ='계산'!D55 | E7: ='계산'!$C$27 | F7: ='계산'!D56 | G7: ='계산'!D59 | H7: ='계산'!D60
A8: 인건비 상한 | B8: ='계산'!E49 | C8: ='계산'!E54 | D8: ='계산'!E55 | E8: ='계산'!$C$27 | F8: ='계산'!E56 | G8: ='계산'!E59 | H8: ='계산'!E60
A9: 손 교체 낙관 (f1, 20%) | B9: ='계산'!F49 | C9: ='계산'!F54 | D9: ='계산'!F55 | E9: ='계산'!$C$27 | F9: ='계산'!F56 | G9: ='계산'!F59 | H9: ='계산'!F60
A10: 손 교체 보수 (f2, 100%) | B10: ='계산'!G49 | C10: ='계산'!G54 | D10: ='계산'!G55 | E10: ='계산'!$C$27 | F10: ='계산'!G56 | G10: ='계산'!G59 | H10: ='계산'!G60
A11: 손 교체 없음 (참고) | B11: ='계산'!H49 | C11: ='계산'!H54 | D11: ='계산'!H55 | E11: ='계산'!$C$27 | F11: ='계산'!H56 | G11: ='계산'!H59 | H11: ='계산'!H60
A12: 3교대 (f x1.5) | B12: ='계산'!I49 | C12: ='계산'!I54 | D12: ='계산'!I55 | E12: ='계산'!$C$27 | F12: ='계산'!I56 | G12: ='계산'!I59 | H12: ='계산'!I60
A13: 속도비 0.5 (PoC 게이트) | B13: ='계산'!J49 | C13: ='계산'!J54 | D13: ='계산'!J55 | E13: ='계산'!$C$27 | F13: ='계산'!J56 | G13: ='계산'!J59 | H13: ='계산'!J60
A14: 속도비 0.25 (시제품) | B14: ='계산'!K49 | C14: ='계산'!K54 | D14: ='계산'!K55 | E14: ='계산'!$C$27 | F14: ='계산'!K56 | G14: ='계산'!K59 | H14: ='계산'!K60
A16: 2. 구 가정 대비 (Q7 재현, 검산 시트)
A17: 구 가정(인건비 4,700만 원, 유지보수 10%)에서 교체비 0 회수 (년) | F17: ='계산'!N56
A18: 검산 불일치 건수 (0이어야 함) | F18: ='검산'!$C$42
A20: 3. 결과를 가장 크게 흔드는 변수 (민감도 시트 1절, NPV 폭 기준)
A21: ='민감도'!A5
A22: ='민감도'!A6
A24: 4. 5년 회수 조건
A25: 5년 회수에 필요한 연 순절감 (원) | F25: ='계산'!C28
A26: 기본 시나리오 연 순절감 (원) | F26: ='계산'!C55
A28: 5. 해석 주의
A29: - 속도비 0.5는 PoC의 기술 가능성 게이트(통과해야 사업 논의를 이어갈 수 있는 기술 기준)이며 ROI 성립 기준이 아니다. 0.5에서는 회수가 길어지거나 불가능하다.
A30: - 인건비는 공개된 1차 직접 자료가 없고 중소제조업 부품조립원 일급 등 대리 근거로 잡은 범위(하한 3,199만 ~ 상한 7,433만 원/인·년)다. 고객 급여대장으로 교체한다.
A31: - 손 교체는 공개 근거가 부족하다. 교체 빈도(f)보다 교체 단위(손 전체 대 모듈)가 회수를 더 크게 가른다. 모듈 교체 비용 20%는 산술 추정이다.
A32: - 라이선스(RLDX-1 상용 조건), 관리 인력, 전력, 초기 데이터·학습비는 미확인이라 0으로 두었다. 실제 값이 들어가면 회수는 길어진다.
A33: - 대체 인원은 속도비 x 성공률 x 가동률 x 교대 수의 단순 곱이다. 3교대 인건비는 2교대 평균과 같게 두었다(야간 비율 변화는 미반영).
A34: - 비재무 효과(회수 기간에 넣지 않음): 인력난 해소와 외국인력 의존 리스크 완화(하네스 업종에서는 Q1이 미검증), 품질 일관성, 야간 무인 가동, 숙련 암묵지의 데이터 자산화.
A36: 6. 손 단가 시나리오 - $23,000(제품 DB, 기본) 대 $7,500(RLWRLD 블로그) (B8, 민감도 시트 8절 링크)
A37: 손 단가는 견적 전까지 헤드라인에 반영하지 않는다. 두 값 모두 공식 견적이 아니며(추정) Tesollo 공식 견적으로 확정한다. 아래는 '이 단가라면 이렇다'는 민감도 비교이고, 기본 시나리오(위 1절)는 $23,000 그대로다. 연동 = 통합비가 하드웨어(손 포함)에 비례(현 모델), 비연동 = 통합비를 $23,000 기준 금액으로 고정.
A38: 손 교체 시나리오 | B38: 총 투자비 $23,000 (원) | C38: 총 투자비 $7,500 연동 (원) | D38: 총 투자비 $7,500 비연동 (원) | E38: 회수 $23,000 (년) | F38: 회수 $7,500 연동 (년) | G38: 회수 $7,500 비연동 (년) | H38: 회수 단축 연동 (년)
A39: 낙관 (f1, 20%) | B39: ='민감도'!B106 | C39: ='민감도'!C106 | D39: ='민감도'!C107 | E39: ='민감도'!B111 | F39: ='민감도'!C111 | G39: ='민감도'!C113 | H39: ='민감도'!D111
A40: 기본 (f2, 20%) | B40: ='민감도'!E106 | C40: ='민감도'!F106 | D40: ='민감도'!F107 | E40: ='민감도'!E111 | F40: ='민감도'!F111 | G40: ='민감도'!F113 | H40: ='민감도'!G111
A41: 보수 (f2, 100%) | B41: ='민감도'!H106 | C41: ='민감도'!I106 | D41: ='민감도'!I107 | E41: ='민감도'!H111 | F41: ='민감도'!I111 | G41: ='민감도'!I113 | H41: ='민감도'!J111
A43: 손 교체 시나리오 | B43: 5년 NPV $23,000 (원) | C43: 5년 NPV $7,500 연동 (원) | D43: 5년 NPV $7,500 비연동 (원) | E43: 손 소모비 $23,000 (원/년) | F43: 손 소모비 $7,500 (원/년) | G43: NPV 개선 연동 (원) | H43: NPV 개선 비연동 (원)
A44: 낙관 (f1, 20%) | B44: ='민감도'!B112 | C44: ='민감도'!C112 | D44: ='민감도'!C114 | E44: ='민감도'!B108 | F44: ='민감도'!C108 | G44: ='민감도'!D112 | H44: =D44-B44
A45: 기본 (f2, 20%) | B45: ='민감도'!E112 | C45: ='민감도'!F112 | D45: ='민감도'!F114 | E45: ='민감도'!E108 | F45: ='민감도'!F108 | G45: ='민감도'!G112 | H45: =D45-B45
A46: 보수 (f2, 100%) | B46: ='민감도'!H112 | C46: ='민감도'!I112 | D46: ='민감도'!I114 | E46: ='민감도'!H108 | F46: ='민감도'!I108 | G46: ='민감도'!J112 | H46: =D46-B46
A48: 손 대 그리퍼(Hand-E $7,250, 추정) 하드웨어 비교 | B48: 손 1개 단가비 $23,000 (배) | C48: 손 1개 단가비 $7,500 (배) | D48: 셀 하드웨어비 $23,000 (배) | E48: 셀 하드웨어비 $7,500 (배)
A49: 손 구성 대 그리퍼 구성 (단가비: 손 1개/Hand-E 1개, 셀: 손 구성/그리퍼 구성 하드웨어 합계) | B49: ='가정'!$D$49/'가정'!$D$76 | C49: ='가정'!$D$87/'가정'!$D$76 | D49: ='계산'!$C$23/'계산'!$C$36 | E49: ='민감도'!F101/'계산'!$C$36
A50: ="→ 손 1개 단가가 그리퍼의 "&TEXT(B49,"0.0")&"배에서 "&TEXT(C49,"0.00")&"배로 바뀐다($23,000 대 $7,500, Hand-E $7,250 추정). 셀 하드웨어는 "&TEXT(D49,"0.00")&"배에서 "&TEXT(E49,"0.00")&"배다."
A51: 검산 시트 D절(B8) 불일치 건수 (0이어야 함) | F51: ='검산'!$C$83

Sheet 가정
A1: B3 ROI 모델 - 가정 시트 (손 구성 셀 1기, 프리블록 작업장 1곳 기준)
A2: 파란 글씨 = 입력 셀(바꾸면 계산·민감도·검산 시트가 따라 바뀜). 통화 USD 또는 원(KRW), 환율·인건비 기준 2027년. 확인수준: 1차=정부·제조사 원문, 2차=기사·공고·블로그, 계산=소스 값으로 산출, 추정=근거 약함 또는 없음. 입력 우선순위: case/analysis.md 7절 기본 틀, 충돌 시 research/q7-hand-replacement.md(Q7)·q8-wage-inputs.md(Q8) 우선.
A4: ID | B4: 구분 | C4: 항목 | D4: 값 | E4: 단위 | F4: 근거 (출처 파일·절, URL) | G4: 확인수준
A5: 0. 시나리오 선택 (계산 시트 '기본' 열과 민감도 기준값이 이 선택을 따름)
A6: A01 | B6: 선택 | C6: 인건비 시나리오 (1=하한, 2=기본, 3=상한) | D6: 2 | E6: 번호 | F6: research/q8-wage-inputs.md 5절 | G6: 선택
A7: A02 | B7: 선택 | C7: 손 교체 시나리오 (1=낙관, 2=기본, 3=보수, 4=교체 없음[참고]) | D7: 2 | E7: 번호 | F7: research/q7-hand-replacement.md 6절 제안(낙관 f1·20%, 기본 f2·20%, 보수 f2·100%). 4번은 교체비 0 비교용 | G7: 선택
A8: 1. 현재 인력·공정
A9: A03 | B9: 공정 | C9: 셀 가동 교대 수 | D9: 2 | E9: 교대/일 | F9: case/analysis.md 7.4절 (2 기본, 3 상향 시나리오). 3교대는 로봇만 추가 가동 | G9: 추정
A10: A04 | B10: 공정 | C10: 연간 가동일 | D10: 250 | E10: 일/년 | F10: case/analysis.md 7.1절 (주 5일 x 50주). 참고 라인 [1]은 주 6일 | G10: 추정
A11: A05 | B11: 공정 | C11: 교대당 실가동 시간 | D11: 440 | E11: 분/교대 | F11: case/analysis.md 7.1절, reference/case--easychair-harness-line-balancing.md (참고 라인, 해외) | G11: 1차
A12: A06 | B12: 공정 | C12: 대체 대상 인원(교대당) | D12: 1 | E12: 명/교대 | F12: case/analysis.md 7.5절: 프리블록 작업장 1곳 = 교대당 1명 (7.4절 대체 인원 1.9 = 1.0 x 0.95 x 2 의 암묵 가정) | G12: 추정
A13: 2. 성능
A14: A07 | B14: 성능 | C14: 로봇 속도비 (로봇 처리량/사람 처리량) | D14: 1 | E14: 배 | F14: case/analysis.md 7.4절 (시나리오 0.25/0.5/1.0). 0.25는 전용 셀 시제품 '4배 빨라져야 동등' 역산 (reference/case--ams-cellios-automated-harness.md). 0.5는 PoC 기술 가능성 게이트이며 ROI 성립 기준이 아니다 | G14: 추정
A15: A08 | B15: 성능 | C15: 자동 처리 성공률 | D15: 0.95 | E15: % | F15: case/analysis.md 7.4절 (PoC 목표값, 시나리오 70/85/95). 공개 연구 55~90%대는 조건이 달라 직접 비교 불가 | G15: 추정
A16: A09 | B16: 성능 | C16: 가동률 | D16: 1 | E16: % | F16: case/analysis.md 7.5절은 가동률 항이 없어 100%로 암묵 적용(성공률이 재작업 손실을 흡수). 민감도에서 60~100%로 변화 | G16: 추정
A17: A10 | B17: 성능 | C17: 속도비 PoC 통과 게이트(기술 가능성 기준) | D17: 0.5 | E17: 배 | F17: case/analysis.md 7.5절 해석: 기술 가능성 게이트이며 ROI 기준 아님. 계산에는 쓰지 않고 요약 표시용 | G17: 추정
A18: 3. 인건비 (Q8 우선, 2027 기준, 원화)
A19: A11 | B19: 인건비 | C19: 통상시급 w - 하한 (2027 최저임금) | D19: 10700 | E19: 원/시간 | F19: research/q8-wage-inputs.md 1절. 고용노동부 보도자료 https://www.moel.go.kr/news/enews/report/enewsView.do?news_seq=19744 (reference/market--moel-minimum-wage-2027.md) | G19: 1차
A20: A12 | B20: 인건비 | C20: 통상시급 w - 기본 (부품조립원 일급 110,036원/8 x 1.037) | D20: 14263 | E20: 원/시간 | F20: research/q8-wage-inputs.md 5절. 중기중앙회 부품조립원 일급(2026-03) 헤럴드경제 https://www.heraldk.com/article/2026062819000081528 (reference/market--heraldk-sme-wage-2026h1.md). 하네스 조립원 직종 매핑 미확정 | G20: 추정
A21: A13 | B21: 인건비 | C21: 통상시급 w - 상한 (생산직 129개 직종 평균 일급 120,610원/8 x 1.037) | D21: 15634 | E21: 원/시간 | F21: research/q8-wage-inputs.md 5절. 같은 출처 (reference/market--heraldk-sme-wage-2026h1.md) | G21: 추정
A22: A14 | B22: 인건비 | C22: 야간조 인원 비율 p - 하한 | D22: 0 | E22: 비율 | F22: research/q8-wage-inputs.md 5절 (06~14/14~22시 편성, 야간 없음) | G22: 추정
A23: A15 | B23: 인건비 | C23: 야간조 인원 비율 p - 기본 | D23: 0.5 | E23: 비율 | F23: research/q8-wage-inputs.md 5절 (2교대 중 야간조 절반). 국내 하네스 사업장 교대 시각 미확인 | G23: 추정
A24: A16 | B24: 인건비 | C24: 야간조 인원 비율 p - 상한 | D24: 0.5 | E24: 비율 | F24: research/q8-wage-inputs.md 5절 | G24: 추정
A25: A17 | B25: 인건비 | C25: 월 연장근로 OT - 하한 | D25: 0 | E25: 시간/월 | F25: research/q8-wage-inputs.md 5절 | G25: 추정
A26: A18 | B26: 인건비 | C26: 월 연장근로 OT - 기본 (주 7.5시간 x 4.345주) | D26: 32.6 | E26: 시간/월 | F26: research/q8-wage-inputs.md 5절. 화성 하네스 조립·포장 공고 (reference/market--jobploy-hwaseong-harness-pack.md) | G26: 추정
A27: A19 | B27: 인건비 | C27: 월 연장근로 OT - 상한 (일 2시간 x 약 21.75일) | D27: 43.5 | E27: 시간/월 | F27: research/q8-wage-inputs.md 5절. 득영 공고, 비하네스 (reference/market--jobploy-deukyoung-2shift.md) | G27: 추정
A28: A20 | B28: 인건비 | C28: 월 소정근로 환산시간 (주 40시간 + 주휴 8시간) | D28: 209 | E28: 시간/월 | F28: research/q8-wage-inputs.md 1절. 고용노동부 보도자료 https://www.moel.go.kr/news/enews/report/enewsView.do?news_seq=19744 (reference/market--moel-minimum-wage-2027.md) | G28: 1차
A29: A21 | B29: 인건비 | C29: 월 실근로시간 (40시간 x 52주 / 12) | D29: 173.3 | E29: 시간/월 | F29: research/q8-wage-inputs.md 4절 (계산). 야간가산은 실근로 시간에만 적용 | G29: 계산
A30: A22 | B30: 인건비 | C30: 연장근로 가산 포함 배율 | D30: 1.5 | E30: 배 | F30: 근로기준법 제56조. reference/market--easylaw-working-hours-premium.md (research/q8 4절) | G30: 1차
... A44: A36 | B44: 인건비 | C44: [검산용 구 가정] 유지보수비 (하드웨어 전체 대비, 손 교체 포함 여부 미정의) | D44: 0.1 | E44: %/년 | F44: case/analysis.md 7.4절. Q7/Q8이 분리 필요로 판정(이중 계산). 검산에만 사용 | G44: 추정
A45: 4. 로봇 투자 (USD, 환율 1,400원)
A46: A37 | B46: 투자 | C46: 환율 | D46: 1400 | E46: 원/USD | F46: case/analysis.md 7절 머리말 (2025-04 기사 환산에서 역산, 기준일 환율 미반영). B3 실행 시 기준일 환율로 교체 필요 | G46: 추정
A47: A38 | B47: 투자 | C47: 협동로봇 팔 단가 (UR5e급, 범위 30,000~45,000) | D47: 37500 | E47: USD/대 | F47: case/analysis.md 7.3절 [31]. https://standardbots.com/blog/universal-robot-price (reference/hardware--ur-price-guide.md). 중간값은 추정 | G47: 2차
A48: A39 | B48: 투자 | C48: 팔 수 | D48: 2 | E48: 대 | F48: case/analysis.md 7.3절 (양팔 구성) | G48: 추정
A49: A40 | B49: 투자 | C49: 다관절 손(20-DoF) 단가 | D49: 23000 | E49: USD/개 | F49: case/analysis.md 7.3절 [32], research/q7 6-1절. https://humanoid.guide/product/dg-5f-s/ (reference/hardware--tesollo-dg5f-s.md). 제품 DB 표기 $23,000(기본 시나리오 유지). 충돌값: RLWRLD 블로그 약 $7,500(research/q9-allhandsup.md 7절, reference/hardware--allhandsup-blog-part2.md)은 D87에 시나리오로 입력. 둘 다 공식 견적 아님 - 추정. Tesollo 공식 견적으로 확정 전까지 헤드라인에 반영하지 않음. 이 셀 하나가 투자비·통합비·손 소모비를 모두 구동 | G49: 추정
A50: A41 | B50: 투자 | C50: 손 개수 | D50: 2 | E50: 개/셀 | F50: case/analysis.md 7.3절 | G50: 추정
A51: A42 | B51: 투자 | C51: 촉각 센서 단가 (GelSight Mini 대리값) | D51: 510 | E51: USD/개 | F51: case/analysis.md 7.3절 [35]. https://www.gelsight.com/product/gelsight-mini-system/ (reference/hardware--gelsight-mini.md). 대리값 | G51: 추정
A52: A43 | B52: 투자 | C52: 촉각 센서 수 (손끝 4 x 손 2) | D52: 8 | E52: 개 | F52: case/analysis.md 7.3절 | G52: 추정
A53: A44 | B53: 투자 | C53: 카메라 단가 (D455 대리값) | D53: 400 | E53: USD/대 | F53: case/analysis.md 7.3절 (research/hardware.md 4절, 검색 요약 가격) | G53: 추정
A54: A45 | B54: 투자 | C54: 카메라 수 | D54: 3 | E54: 대 | F54: case/analysis.md 7.3절 (근거 없음) | G54: 추정
A55: A46 | B55: 투자 | C55: 작업대·지그·공급장치 | D55: 10000 | E55: USD/셀 | F55: case/analysis.md 7.3절 (근거 없음, 견적 필요) | G55: 추정
A56: A47 | B56: 투자 | C56: 추론 PC (GPU) | D56: 5000 | E56: USD/셀 | F56: case/analysis.md 7.3절 (근거 없음) | G56: 추정
A57: A48 | B57: 투자 | C57: 시스템 통합비 (하드웨어 대비, 범위 50~200%) | D57: 1 | E57: % | F57: case/analysis.md 7.3절 (출처 범위 50~200% 안의 임의 기준값, [31][36]) | G57: 추정
A58: A49 | B58: 투자 | C58: 초기 데이터 수집·학습비 | D58: 0 | E58: 원 | F58: case/analysis.md 7.3절에 항목 없음. 0은 '통합비에 포함 가정'이며 미확인. PoC 견적으로 교체 | G58: 추정
A59: 5. 운영 비용 (손 소모는 팔·시스템 유지보수와 분리 - Q7)
A60: A50 | B60: 운영 | C60: 팔·시스템 유지보수율 - 사용값 (손 제외 하드웨어 대비) | D60: 0.055 | E60: %/년 | F60: research/q7-hand-replacement.md 4절: 협동로봇 연 3~8% (블로그 인용 '통합업체 공개치', 원천 미확인, reference/market--grabarobot-ur-spare-parts.md). 5.5%는 범위 중간값 | G60: 추정
A61: A51 | B61: 운영 | C61: 팔·시스템 유지보수율 - 하한 | D61: 0.03 | E61: %/년 | F61: research/q7-hand-replacement.md 4절 | G61: 추정
A62: A52 | B62: 운영 | C62: 팔·시스템 유지보수율 - 상한 | D62: 0.08 | E62: %/년 | F62: research/q7-hand-replacement.md 4절 | G62: 추정
A63: A53 | B63: 운영 | C63: f 정의의 기준 교대 수 (손 연 교체 횟수 f는 2교대 기준) | D63: 2 | E63: 교대 | F63: research/q7-hand-replacement.md 5·6절. 3교대는 손 가동 1.5배라 f도 1.5배 | G63: 추정
A64: A54 | B64: 운영 | C64: 손 교체 f - 1 낙관 (손 1개당 연 교체 횟수) | D64: 1 | E64: 회/년/손 | F64: research/q7-hand-replacement.md 6절. 최고 업체 주장 100만 회 수준, 업체 주장 검증 후에만 | G64: 추정
A65: A55 | B65: 운영 | C65: 교체당 비용 비율 - 1 낙관 (손 가격 대비, 모듈 교체) | D65: 0.2 | E65: % | F65: research/q7-hand-replacement.md 6-1절 (5지 중 1지, 센서 8개 교체 17.7%, UR 관절 16.6~25.3%). 모듈 단가 비공개 | G65: 추정
A66: A56 | B66: 운영 | C66: 손 교체 f - 2 기본 | D66: 2 | E66: 회/년/손 | F66: research/q7-hand-replacement.md 6절. 선도 업체 진술 30만~50만 회, 시중 1,000~2,000시간과 부합(duty 연 83만~165만 사이클) | G66: 추정
A67: A57 | B67: 운영 | C67: 교체당 비용 비율 - 2 기본 | D67: 0.2 | E67: % | F67: research/q7-hand-replacement.md 6-1절 | G67: 추정
A68: A58 | B68: 운영 | C68: 손 교체 f - 3 보수 | D68: 2 | E68: 회/년/손 | F68: research/q7-hand-replacement.md 6절 | G68: 추정
A69: A59 | B69: 운영 | C69: 교체당 비용 비율 - 3 보수 (손 전체 교체) | D69: 1 | E69: % | F69: research/q7-hand-replacement.md 6-1절 (Tesla 사례는 손 전체 교체, 출처 불명 기사) | G69: 추정
A70: A60 | B70: 운영 | C70: 손 교체 f - 4 교체 없음 (참고) | D70: 0 | E70: 회/년/손 | F70: case/analysis.md 7.5절 '교체비 0' 열. 상한 낙관 값 | G70: 추정
A71: A61 | B71: 운영 | C71: 교체당 비용 비율 - 4 교체 없음 | D71: 0 | E71: % | F71: 같은 열 | G71: 추정
... A74: A64 | B74: 운영 | C74: 전력 | D74: 0 | E74: 원/년 | F74: 근거 없음, 미반영(소액 가정) | G74: 추정
A75: 6. 그리퍼 대조군 구성 (참고, 본 모델 합계 미포함)
A76: A65 | B76: 대조군 | C76: 평행 그리퍼 단가 (Hand-E) | D76: 7250 | E76: USD/개 | F76: case/analysis.md 7.3절 (리셀러 검색 요약, 미저장). reference/hardware--robotiq-hand-e.md에는 가격 없음 | G76: 추정
A77: A66 | B77: 대조군 | C77: 그리퍼 개수 | D77: 2 | E77: 개/셀 | F77: case/analysis.md 7.3절 (그리퍼 구성 105,700 USD = 75,000+14,500+...) | G77: 추정
A78: A67 | B78: 대조군 | C78: Hand-E 정비 주기 | D78: 2000000 | E78: 사이클 | F78: research/q7-hand-replacement.md 4절. https://blog.robotiq.com/knowledge/preventive-maintenance-on-the-hand-e-gripper (reference/hardware--robotiq-hande-maintenance.md) | G78: 1차
A79: A68 | B79: 대조군 | C79: 손 1개 연 사용 사이클 - 하한 | D79: 830000 | E79: 사이클/년 | F79: research/q7-hand-replacement.md 5절 (두 손이 번갈아 쓰는 경우, 상한 가동 가정의 계산) | G79: 추정
A80: A69 | B80: 대조군 | C80: 손 1개 연 사용 사이클 - 상한 | D80: 1650000 | E80: 사이클/년 | F80: research/q7-hand-replacement.md 5절 (한 손 전담) | G80: 추정
A81: A70 | B81: 대조군 | C81: Hand-E 정비 1회 비용(키트·인건비) | E81: 원/회/개 | F81: 가격 미기재(Robotiq 문서에 전용 키트와 절차만 있음). 입력 셀을 비워 둠 - 견적으로 채울 것 | G81: 추정
A82: 7. 재무
A83: A71 | B83: 재무 | C83: 할인율 | D83: 0.08 | E83: %/년 | F83: 프로젝트 내 근거 소스 없음. 본 모델의 임의 기준값(고객 WACC로 교체) | G83: 추정
A84: A72 | B84: 재무 | C84: 분석 기간 | D84: 5 | E84: 년 | F84: roi-model 스킬 (5년). NPV 수식은 5개 연도 현금흐름 고정 | G84: 추정
A85: A73 | B85: 재무 | C85: 감가상각 기간 | D85: 5 | E85: 년 | F85: case/analysis.md 7.4절 | G85: 추정
A86: 8. 손 단가 시나리오 (B8, 기본 계산에는 쓰이지 않고 민감도 시트 8절 비교에만 사용)
A87: A74 | B87: 손 단가 시나리오 | C87: 다관절 손(20-DoF) 단가 - 대안 (RLWRLD 블로그 표기) | D87: 7500 | E87: USD/개 | F87: research/q9-allhandsup.md 7절 1행, reference/hardware--allhandsup-blog-part2.md (RLWRLD 블로그 'approximately $7,500 per hand'). 제품 DB($23,000, D49)와 충돌하며 둘 다 공식 견적이 아니므로 추정. Tesollo 공식 견적(구성·수량·환율)으로 확정할 것. 확정 전 헤드라인 미반영 | G87: 추정

Sheet 계산
A1: B3 ROI 모델 - 계산 시트 (모든 셀이 가정 시트를 참조하는 수식)
A3: A. 인건비 환산 (Q8 5절 식)
A4: 항목 | B4: 설명 | C4: 하한 | D4: 기본 | E4: 상한
A5: 통상시급 w (원/시간) | B5: 가정 시트 | C5: ='가정'!$D$19 | D5: ='가정'!$D$20 | E5: ='가정'!$D$21
A6: 야간조 비율 p | B6: 가정 시트 | C6: ='가정'!$D$22 | D6: ='가정'!$D$23 | E6: ='가정'!$D$24
A7: 월 연장근로 OT (시간) | B7: 가정 시트 | C7: ='가정'!$D$25 | D7: ='가정'!$D$26 | E7: ='가정'!$D$27
A8: 사업주 간접률 (4대보험+퇴직) | B8: 연금+건보+요양+실업+고안직능+산재+퇴직 | C8: ='가정'!$D$32+'가정'!$D$33+'가정'!$D$34+'가정'!$D$35+'가정'!$D$36+'가정'!$D$39+'가정'!$D$42 | D8: ='가정'!$D$32+'가정'!$D$33+'가정'!$D$34+'가정'!$D$35+'가정'!$D$37+'가정'!$D$40+'가정'!$D$42 | E8: ='가정'!$D$32+'가정'!$D$33+'가정'!$D$34+'가정'!$D$35+'가정'!$D$38+'가정'!$D$41+'가정'!$D$42
A9: 주간조 월 지급 (원) | B9: w x (209 + 1.5 x OT) | C9: =C5*('가정'!$D$28+'가정'!$D$30*C7) | D9: =D5*('가정'!$D$28+'가정'!$D$30*D7) | E9: =E5*('가정'!$D$28+'가정'!$D$30*E7)
A10: 야간조 월 지급 (원) | B10: w x (209 + 0.5 x 173.3 + 2.0 x OT) | C10: =C5*('가정'!$D$28+'가정'!$D$31*'가정'!$D$29+('가정'!$D$30+'가정'!$D$31)*C7) | D10: =D5*('가정'!$D$28+'가정'!$D$31*'가정'!$D$29+('가정'!$D$30+'가정'!$D$31)*D7) | E10: =E5*('가정'!$D$28+'가정'!$D$31*'가정'!$D$29+('가정'!$D$30+'가정'!$D$31)*E7)
A11: 2교대 평균 월 지급 (원) | B11: (1-p) x 주간 + p x 야간 | C11: =(1-C6)*C9+C6*C10 | D11: =(1-D6)*D9+D6*D10 | E11: =(1-E6)*E9+E6*E10
A12: 연 지급 (원) | B12: 12 x 평균 월 지급 | C12: =12*C11 | D12: =12*D11 | E12: =12*E11
A13: 연 인건비/인 (원, 간접률 포함) | B13: 연 지급 x (1+간접률). 2교대 평균, 1인 | C13: =C12*(1+C8) | D13: =D12*(1+D8) | E13: =E12*(1+E8)
A14: 선택된 인건비 시나리오의 연 인건비/인 (원) | B14: 가정 시트 선택값 | C14: =INDEX($C$13:$E$13,'가정'!$D$6)
A16: B. 투자비
A17: 항목 | B17: 설명 | C17: 값
A18: 팔 소계 (USD) | B18: 단가 x 대수 | C18: ='가정'!$D$47*'가정'!$D$48
A19: 손 소계 (USD) | B19: 단가 x 개수 | C19: ='가정'!$D$49*'가정'!$D$50
A20: 촉각 센서 소계 (USD) | C20: ='가정'!$D$51*'가정'!$D$52
A21: 카메라 소계 (USD) | C21: ='가정'!$D$53*'가정'!$D$54
A22: 손·팔 외 하드웨어 (USD) | B22: 촉각+카메라+지그+PC | C22: =C20+C21+'가정'!$D$55+'가정'!$D$56
A23: 하드웨어 합계 (USD) | B23: case/analysis.md 7.3절 141,280 | C23: =C18+C19+C22
A24: 손 제외 하드웨어 (USD) | B24: Q7 4절 95,280 (팔·시스템 유지보수 기준) | C24: =C23-C19
A25: 시스템 통합비 (USD) | B25: 하드웨어 x 통합비율 | C25: =C23*'가정'!$D$57
A26: 총 투자비 (USD) | B26: 하드웨어 + 통합비 (case/analysis.md 7.3절 282,560) | C26: =C23+C25
A27: 총 투자비 (원) | B27: USD x 환율 + 초기 데이터·학습비 (7.5절 395,584,000) | C27: =C26*'가정'!$D$46+'가정'!$D$58
A28: 5년 회수에 필요한 연 순절감 (원) | B28: 총 투자비 / 5 (7.5절 약 7,912만) | C28: =C27/'가정'!$D$84
A30: C. 그리퍼 대조군 정비 (참고, 합계 미포함 - 가정 6절)
A31: 항목 | B31: 설명 | C31: 값
A32: 정비 주기 - 빠른 경우 (년) | B32: 정비 사이클 / 연 사용 사이클 상한 (Q7 4절 약 1.2년) | C32: ='가정'!$D$78/'가정'!$D$80
A33: 정비 주기 - 느린 경우 (년) | B33: 정비 사이클 / 연 사용 사이클 하한 (약 2.4년) | C33: ='가정'!$D$78/'가정'!$D$79
A34: 연 정비비 상한 (원/년, 전체 그리퍼) | B34: 정비 1회 비용 입력 전에는 '가격 미입력' | C34: =IF(ISNUMBER('가정'!$D$81),'가정'!$D$77*'가정'!$D$81/C32,"가격 미입력")
A35: 연 정비비 하한 (원/년, 전체 그리퍼) | C35: =IF(ISNUMBER('가정'!$D$81),'가정'!$D$77*'가정'!$D$81/C33,"가격 미입력")
A36: 그리퍼 구성 하드웨어 (USD, F/T 센서 제외) | B36: 그리퍼 + 팔 + 카메라 + 지그 + PC (case/analysis.md 7.3절 105,700) | C36: ='가정'!$D$76*'가정'!$D$77+C18+C21+'가정'!$D$55+'가정'!$D$56
A38: D. 시나리오별 계산 (열 = 시나리오, 행 = 같은 수식). 파란 숫자는 시나리오 고유 입력
A39: 행 | B39: 설명 | C39: 기본 (가정 시트 선택값) | D39: 인건비 하한 | E39: 인건비 상한 | F39: 손 교체 낙관 (f1, 20%) | G39: 손 교체 보수 (f2, 100%) | H39: 손 교체 없음 (참고) | I39: 3교대 (f x1.5) | J39: 속도비 0.5 (PoC 게이트) | K39: 속도비 0.25 (시제품) | L39: [Q7 재현] N=1 손 전체 | M39: [Q7 재현] N=2 손 전체 | N39: [Q7 재현] 교체비 0 | O39: [Q7 재현] N=2 모듈 20% | P39: [Q7 재현] N=4 모듈 20% | Q39: [Q7 재현] 3교대 N=6 모듈 20% | R39: [7.5절 재현] 3교대 교체비 0 | S39: [7.5절 재현] 속도비 0.5 교체비 0
A40: 인건비 시나리오 번호 | B40: 1 하한 / 2 기본 / 3 상한 | C40: ='가정'!$D$6 | D40: 1 | E40: 3 | F40: ='가정'!$D$6 | G40: ='가정'!$D$6 | H40: ='가정'!$D$6 | I40: ='가정'!$D$6 | J40: ='가정'!$D$6 | K40: ='가정'!$D$6 | L40: 2 | M40: 2 | N40: 2 | O40: 2 | P40: 2 | Q40: 2 | R40: 2 | S40: 2
A41: 속도비 | C41: ='가정'!$D$14 | D41: ='가정'!$D$14 | E41: ='가정'!$D$14 | F41: ='가정'!$D$14 | G41: ='가정'!$D$14 | H41: ='가정'!$D$14 | I41: ='가정'!$D$14 | J41: 0.5 | K41: 0.25 | L41: 1 | M41: 1 | N41: 1 | O41: 1 | P41: 1 | Q41: 1 | R41: 1 | S41: 0.5
A42: 교대 수 | C42: ='가정'!$D$9 | D42: ='가정'!$D$9 | E42: ='가정'!$D$9 | F42: ='가정'!$D$9 | G42: ='가정'!$D$9 | H42: ='가정'!$D$9 | I42: 3 | J42: ='가정'!$D$9 | K42: ='가정'!$D$9 | L42: 2 | M42: 2 | N42: 2 | O42: 2 | P42: 2 | Q42: 3 | R42: 3 | S42: 2
A43: f: 손 1개당 연 교체 횟수 (2교대 기준) | B43: Q7 | C43: =CHOOSE('가정'!$D$7,'가정'!$D$64,'가정'!$D$66,'가정'!$D$68,'가정'!$D$70) | D43: =CHOOSE('가정'!$D$7,'가정'!$D$64,'가정'!$D$66,'가정'!$D$68,'가정'!$D$70) | E43: =CHOOSE('가정'!$D$7,'가정'!$D$64,'가정'!$D$66,'가정'!$D$68,'가정'!$D$70) | F43: ='가정'!$D$64 | G43: ='가정'!$D$68 | H43: ='가정'!$D$70 | I43: =CHOOSE('가정'!$D$7,'가정'!$D$64,'가정'!$D$66,'가정'!$D$68,'가정'!$D$70) | J43: =CHOOSE('가정'!$D$7,'가정'!$D$64,'가정'!$D$66,'가정'!$D$68,'가정'!$D$70) | K43: =CHOOSE('가정'!$D$7,'가정'!$D$64,'가정'!$D$66,'가정'!$D$68,'가정'!$D$70) | L43: 0.5 | M43: 1 | N43: 0 | O43: 1 | P43: 2 | Q43: 2 | R43: 0 | S43: 0
A44: 교체당 비용 비율 (손 가격 대비) | B44: Q7 | C44: =CHOOSE('가정'!$D$7,'가정'!$D$65,'가정'!$D$67,'가정'!$D$69,'가정'!$D$71) | D44: =CHOOSE('가정'!$D$7,'가정'!$D$65,'가정'!$D$67,'가정'!$D$69,'가정'!$D$71) | E44: =CHOOSE('가정'!$D$7,'가정'!$D$65,'가정'!$D$67,'가정'!$D$69,'가정'!$D$71) | F44: ='가정'!$D$65 | G44: ='가정'!$D$69 | H44: ='가정'!$D$71 | I44: =CHOOSE('가정'!$D$7,'가정'!$D$65,'가정'!$D$67,'가정'!$D$69,'가정'!$D$71) | J44: =CHOOSE('가정'!$D$7,'가정'!$D$65,'가정'!$D$67,'가정'!$D$69,'가정'!$D$71) | K44: =CHOOSE('가정'!$D$7,'가정'!$D$65,'가정'!$D$67,'가정'!$D$69,'가정'!$D$71) | L44: 1 | M44: 1 | N44: 0 | O44: 0.2 | P44: 0.2 | Q44: 0.2 | R44: 0 | S44: 0
A45: [선택] 연 인건비/인 직접 입력 (원) | B45: 비우면 인건비 시나리오로 계산. 구 가정 재현용 | L45: ='가정'!$D$43 | M45: ='가정'!$D$43 | N45: ='가정'!$D$43 | O45: ='가정'!$D$43 | P45: ='가정'!$D$43 | Q45: ='가정'!$D$43 | R45: ='가정'!$D$43 | S45: ='가정'!$D$43
A46: [선택] 연 유지보수비 직접 입력 (원) | B46: 비우면 손 제외 하드웨어 x 유지보수율. 구 가정 재현용 | L46: =C23*'가정'!$D$44*'가정'!$D$46 | M46: =C23*'가정'!$D$44*'가정'!$D$46 | N46: =C23*'가정'!$D$44*'가정'!$D$46 | O46: =C23*'가정'!$D$44*'가정'!$D$46 | P46: =C23*'가정'!$D$44*'가정'!$D$46 | Q46: =C23*'가정'!$D$44*'가정'!$D$46 | R46: =C23*'가정'!$D$44*'가정'!$D$46 | S46: =C23*'가정'!$D$44*'가정'!$D$46
A47: 연 인건비/인 (원) | C47: =IF(ISNUMBER(C45),C45,INDEX($C$13:$E$13,C40)) | D47: =IF(ISNUMBER(D45),D45,INDEX($C$13:$E$13,D40)) | E47: =IF(ISNUMBER(E45),E45,INDEX($C$13:$E$13,E40)) | F47: =IF(ISNUMBER(F45),F45,INDEX($C$13:$E$13,F40)) | G47: =IF(ISNUMBER(G45),G45,INDEX($C$13:$E$13,G40)) | H47: =IF(ISNUMBER(H45),H45,INDEX($C$13:$E$13,H40)) | I47: =IF(ISNUMBER(I45),I45,INDEX($C$13:$E$13,I40)) | J47: =IF(ISNUMBER(J45),J45,INDEX($C$13:$E$13,J40)) | ... S47: =IF(ISNUMBER(S45),S45,INDEX($C$13:$E$13,S40))
A48: 대체 인원 (명) | B48: 대체 대상 인원 x 속도비 x 성공률 x 가동률 x 교대 수 | C48: ='가정'!$D$12*C41*'가정'!$D$15*'가정'!$D$16*C42 | D48: ='가정'!$D$12*D41*'가정'!$D$15*'가정'!$D$16*D42 | E48: ='가정'!$D$12*E41*'가정'!$D$15*'가정'!$D$16*E42 | F48: ='가정'!$D$12*F41*'가정'!$D$15*'가정'!$D$16*F42 | G48: ='가정'!$D$12*G41*'가정'!$D$15*'가정'!$D$16*G42 | H48: ='가정'!$D$12*H41*'가정'!$D$15*'가정'!$D$16*H42 | I48: ='가정'!$D$12*I41*'가정'!$D$15*'가정'!$D$16*I42 | J48: ='가정'!$D$12*J41*'가정'!$D$15*'가정'!$D$16*J42 | ... S48: ='가정'!$D$12*S41*'가정'!$D$15*'가정'!$D$16*S42
A49: 연간 절감 인건비 (원) | B49: 대체 인원 x 연 인건비/인 | C49: =C48*C47 | D49: =D48*D47 | E49: =E48*E47 | F49: =F48*F47 | G49: =G48*G47 | H49: =H48*H47 | I49: =I48*I47 | J49: =J48*J47 | ... S49: =S48*S47
A50: 팔·시스템 유지보수비 (원/년) | B50: 손 제외 하드웨어 x 유지보수율 x 환율 | C50: =IF(ISNUMBER(C46),C46,$C$24*'가정'!$D$60*'가정'!$D$46) | D50: =IF(ISNUMBER(D46),D46,$C$24*'가정'!$D$60*'가정'!$D$46) | E50: =IF(ISNUMBER(E46),E46,$C$24*'가정'!$D$60*'가정'!$D$46) | F50: =IF(ISNUMBER(F46),F46,$C$24*'가정'!$D$60*'가정'!$D$46) | G50: =IF(ISNUMBER(G46),G46,$C$24*'가정'!$D$60*'가정'!$D$46) | H50: =IF(ISNUMBER(H46),H46,$C$24*'가정'!$D$60*'가정'!$D$46) | I50: =IF(ISNUMBER(I46),I46,$C$24*'가정'!$D$60*'가정'!$D$46) | J50: =IF(ISNUMBER(J46),J46,$C$24*'가정'!$D$60*'가정'!$D$46) | ... S50: =IF(ISNUMBER(S46),S46,$C$24*'가정'!$D$60*'가정'!$D$46)
A51: 셀 합계 연 교체 횟수 N | B51: 손 개수 x f x (교대 수/2) | C51: ='가정'!$D$50*C43*C42/'가정'!$D$63 | D51: ='가정'!$D$50*D43*D42/'가정'!$D$63 | E51: ='가정'!$D$50*E43*E42/'가정'!$D$63 | F51: ='가정'!$D$50*F43*F42/'가정'!$D$63 | G51: ='가정'!$D$50*G43*G42/'가정'!$D$63 | H51: ='가정'!$D$50*H43*H42/'가정'!$D$63 | I51: ='가정'!$D$50*I43*I42/'가정'!$D$63 | J51: ='가정'!$D$50*J43*J42/'가정'!$D$63 | ... S51: ='가정'!$D$50*S43*S42/'가정'!$D$63
A52: 손 소모비 (원/년) | B52: N x 교체당 비율 x 손 가격 x 환율 | C52: =C51*C44*'가정'!$D$49*'가정'!$D$46 | D52: =D51*D44*'가정'!$D$49*'가정'!$D$46 | E52: =E51*E44*'가정'!$D$49*'가정'!$D$46 | F52: =F51*F44*'가정'!$D$49*'가정'!$D$46 | G52: =G51*G44*'가정'!$D$49*'가정'!$D$46 | H52: =H51*H44*'가정'!$D$49*'가정'!$D$46 | I52: =I51*I44*'가정'!$D$49*'가정'!$D$46 | J52: =J51*J44*'가정'!$D$49*'가정'!$D$46 | ... S52: =S51*S44*'가정'!$D$49*'가정'!$D$46
A53: 라이선스+관리 인력+전력 (원/년) | B53: 가정 5절 (현재 0, 미확인) | C53: ='가정'!$D$72+'가정'!$D$73+'가정'!$D$74 | D53: ='가정'!$D$72+'가정'!$D$73+'가정'!$D$74 | E53: ='가정'!$D$72+'가정'!$D$73+'가정'!$D$74 | F53: ='가정'!$D$72+'가정'!$D$73+'가정'!$D$74 | G53: ='가정'!$D$72+'가정'!$D$73+'가정'!$D$74 | H53: ='가정'!$D$72+'가정'!$D$73+'가정'!$D$74 | I53: ='가정'!$D$72+'가정'!$D$73+'가정'!$D$74 | J53: ='가정'!$D$72+'가정'!$D$73+'가정'!$D$74 | ... S53: ='가정'!$D$72+'가정'!$D$73+'가정'!$D$74
A54: 연간 운영비 (원) | B54: 유지보수 + 손 소모 + 기타 | C54: =C50+C52+C53 | D54: =D50+D52+D53 | E54: =E50+E52+E53 | F54: =F50+F52+F53 | G54: =G50+G52+G53 | H54: =H50+H52+H53 | I54: =I50+I52+I53 | J54: =J50+J52+J53 | ... S54: =S50+S52+S53
A55: 연간 순효과 (원) | B55: 절감 - 운영비 (대체 인원에 성공률·가동률 이미 반영) | C55: =C49-C54 | D55: =D49-D54 | E55: =E49-E54 | F55: =F49-F54 | G55: =G49-G54 | H55: =H49-H54 | I55: =I49-I54 | J55: =J49-J54 | ... S55: =S49-S54
A56: 단순 회수 기간 (년) | B56: 총 투자비 / 연간 순효과 | C56: =IF(C55>0,$C$27/C55,"회수 불가") | D56: =IF(D55>0,$C$27/D55,"회수 불가") | E56: =IF(E55>0,$C$27/E55,"회수 불가") | F56: =IF(F55>0,$C$27/F55,"회수 불가") | G56: =IF(G55>0,$C$27/G55,"회수 불가") | H56: =IF(H55>0,$C$27/H55,"회수 불가") | I56: =IF(I55>0,$C$27/I55,"회수 불가") | J56: =IF(J55>0,$C$27/J55,"회수 불가") | ... S56: =IF(S55>0,$C$27/S55,"회수 불가")
A57: 5년 회수에 필요한 연 순효과 (원) | B57: 총 투자비 / 5 | C57: =$C$28 | D57: =$C$28 | E57: =$C$28 | F57: =$C$28 | G57: =$C$28 | H57: =$C$28 | I57: =$C$28 | J57: =$C$28 | ... S57: =$C$28
A58: 필요 순효과 대비 과부족 (원/년) | B58: 양수면 5년 내 회수 | C58: =C55-C57 | D58: =D55-D57 | E58: =E55-E57 | F58: =F55-F57 | G58: =G55-G57 | H58: =H55-H57 | I58: =I55-I57 | J58: =J55-J57 | ... S58: =S55-S57
A59: 5년 NPV (원) | B59: -투자비 + NPV(할인율, 연 순효과 x 5) | C59: =-$C$27+NPV('가정'!$D$83,C55,C55,C55,C55,C55) | D59: =-$C$27+NPV('가정'!$D$83,D55,D55,D55,D55,D55) | E59: =-$C$27+NPV('가정'!$D$83,E55,E55,E55,E55,E55) | F59: =-$C$27+NPV('가정'!$D$83,F55,F55,F55,F55,F55) | G59: =-$C$27+NPV('가정'!$D$83,G55,G55,G55,G55,G55) | H59: =-$C$27+NPV('가정'!$D$83,H55,H55,H55,H55,H55) | I59: =-$C$27+NPV('가정'!$D$83,I55,I55,I55,I55,I55) | J59: =-$C$27+NPV('가정'!$D$83,J55,J55,J55,J55,J55) | ... S59: =-$C$27+NPV('가정'!$D$83,S55,S55,S55,S55,S55)
A60: 5년 내 회수? | C60: =IF(C58>=0,"예","아니오") | D60: =IF(D58>=0,"예","아니오") | E60: =IF(E58>=0,"예","아니오") | F60: =IF(F58>=0,"예","아니오") | G60: =IF(G58>=0,"예","아니오") | H60: =IF(H58>=0,"예","아니오") | I60: =IF(I58>=0,"예","아니오") | J60: =IF(J58>=0,"예","아니오") | ... S60: =IF(S58>=0,"예","아니오")
A61: 연 감가상각 (원, 참고) | B61: 총 투자비 / 감가상각 기간 | C61: =$C$27/'가정'!$D$85 | D61: =$C$27/'가정'!$D$85 | E61: =$C$27/'가정'!$D$85 | F61: =$C$27/'가정'!$D$85 | G61: =$C$27/'가정'!$D$85 | H61: =$C$27/'가정'!$D$85 | I61: =$C$27/'가정'!$D$85 | J61: =$C$27/'가정'!$D$85 | ... S61: =$C$27/'가정'!$D$85
A63: E. 연도별 현금흐름 - 기본 시나리오 (NPV() 함수, 연 순효과 일정 가정, 감가·세금·잔존가치 제외)
A64: 항목 | B64: 설명 | C64: t=0 | D64: t=1 | E64: t=2 | F64: t=3 | G64: t=4 | H64: t=5
A65: 현금흐름 (원) | C65: =-$C$27 | D65: =$C$55 | E65: =$C$55 | F65: =$C$55 | G65: =$C$55 | H65: =$C$55
A66: 누적 현금흐름 (원) | C66: =C65 | D66: =C66+D65 | E66: =D66+E65 | F66: =E66+F65 | G66: =F66+G65 | H66: =G66+H65
A67: NPV (원) = C열 t=0 + NPV(할인율, t=1~5) | C67: =C65+NPV('가정'!$D$83,D65:H65)
A68: D절 기본 NPV와 차이 (0이어야 함) | C68: =C67-C59

Sheet 민감도
A1: B3 ROI 모델 - 민감도 시트 (모든 표는 수식, 축 값은 파란 입력)
A2: 기준값 = 가정 시트 선택 시나리오(인건비, 손 교체, 교대, 속도비). 표의 회수 기간 단위는 년, '회수 불가'는 연 순효과 0 이하. 초록 = 5년 이내 회수. 속도비 0.5는 PoC 기술 가능성 게이트이며 ROI 기준이 아니다.
A4: 결과를 가장 크게 흔드는 변수 (NPV 폭 기준, 아래 1절에서 자동 선정)
A5: ="1위: "&INDEX($A$9:$A$17,MATCH(1,$G$9:$G$17,0))&" (폭 "&TEXT(INDEX($F$9:$F$17,MATCH(1,$G$9:$G$17,0)),"#,##0")&" 백만원)"
A6: ="2위: "&INDEX($A$9:$A$17,MATCH(2,$G$9:$G$17,0))&" (폭 "&TEXT(INDEX($F$9:$F$17,MATCH(2,$G$9:$G$17,0)),"#,##0")&" 백만원)"
A7: 1. 변수별 영향 폭 (5년 NPV, 백만 원). 한 번에 한 변수만 바꾼 값
A8: 변수 | B8: 불리한 값 | C8: 유리한 값 | D8: NPV 불리 (백만원) | E8: NPV 유리 (백만원) | F8: 폭 (백만원) | G8: 순위
A9: 속도비 (로봇/사람) | B9: 0.5 | C9: 1.0 | D9: =((((1)*('계산'!$C$18+'계산'!$C$19)+'계산'!$C$22)*(1+('가정'!$D$57))*'가정'!$D$46+'가정'!$D$58)*-1+PV('가정'!$D$83,'가정'!$D$84,-('가정'!$D$12*(0.5)*('가정'!$D$15)*('가정'!$D$16)*('가정'!$D$9)*('계산'!$C$14)-((1)*'계산'!$C$18+'계산'!$C$22)*('가정'!$D$60)*'가정'!$D$46-'가정'!$D$50*(CHOOSE('가정'!$D$7,'가정'!$D$64,'가정'!$D$66,'가정'!$D$68,'가정'!$D$70))*('가정'!$D$9)/'가정'!$D$63*(CHOOSE('가정'!$D$7,'가정'!$D$65,'가정'!$D$67,'가정'!$D$69,'가정'!$D$71))*'가정'!$D$49*(1)*'가정'!$D$46-('가정'!$D$72+'가정'!$D$73+'가정'!$D$74))))/1000000 | E9: =((((1)*('계산'!$C$18+'계산'!$C$19)+'계산'!$C$22)*(1+('가정'!$D$57))*'가정'!$D$46+'가정'!$D$58)*-1+PV('가정'!$D$83,'가정'!$D$84,-('가정'!$D$12*(1)*('가정'!$D$15)*('가정'!$D$16)*('가정'!$D$9)*('계산'!$C$14)-((1)*'계산'!$C$18+'계산'!$C$22)*('가정'!$D$60)*'가정'!$D$46-'가정'!$D$50*(CHOOSE('가정'!$D$7,'가정'!$D$64,'가정'!$D$66,'가정'!$D$68,'가정'!$D$70))*('가정'!$D$9)/'가정'!$D$63*(CHOOSE('가정'!$D$7,'가정'!$D$65,'가정'!$D$67,'가정'!$D$69,'가정'!$D$71))*'가정'!$D$49*(1)*'가정'!$D$46-('가정'!$D$72+'가정'!$D$73+'가정'!$D$74))))/1000000 | F9: =ABS(E9-D9) | G9: =RANK(F9,$F$9:$F$17)
A10: 인건비 시나리오 (시급, 야간, 연장) | B10: 하한 | C10: 상한 | D10: =((((1)*('계산'!$C$18+'계산'!$C$19)+'계산'!$C$22)*(1+('가정'!$D$57))*'가정'!$D$46+'가정'!$D$58)*-1+PV('가정'!$D$83,'가정'!$D$84,-('가정'!$D$12*('가정'!$D$14)*('가정'!$D$15)*('가정'!$D$16)*('가정'!$D$9)*(INDEX('계산'!$C$13:$E$13,1))-((1)*'계산'!$C$18+'계산'!$C$22)*('가정'!$D$60)*'가정'!$D$46-'가정'!$D$50*(CHOOSE('가정'!$D$7,'가정'!$D$64,'가정'!$D$66,'가정'!$D$68,'가정'!$D$70))*('가정'!$D$9)/'가정'!$D$63*(CHOOSE('가정'!$D$7,'가정'!$D$65,'가정'!$D$67,'가정'!$D$69,'가정'!$D$71))*'가정'!$D$49*(1)*'가정'!$D$46-('가정'!$D$72+'가정'!$D$73+'가정'!$D$74))))/1000000 | E10: =((((1)*('계산'!$C$18+'계산'!$C$19)+'계산'!$C$22)*(1+('가정'!$D$57))*'가정'!$D$46+'가정'!$D$58)*-1+PV('가정'!$D$83,'가정'!$D$84,-('가정'!$D$12*('가정'!$D$14)*('가정'!$D$15)*('가정'!$D$16)*('가정'!$D$9)*(INDEX('계산'!$C$13:$E$13,3))-((1)*'계산'!$C$18+'계산'!$C$22)*('가정'!$D$60)*'가정'!$D$46-'가정'!$D$50*(CHOOSE('가정'!$D$7,'가정'!$D$64,'가정'!$D$66,'가정'!$D$68,'가정'!$D$70))*('가정'!$D$9)/'가정'!$D$63*(CHOOSE('가정'!$D$7,'가정'!$D$65,'가정'!$D$67,'가정'!$D$69,'가정'!$D$71))*'가정'!$D$49*(1)*'가정'!$D$46-('가정'!$D$72+'가정'!$D$73+'가정'!$D$74))))/1000000 | F10: =ABS(E10-D10) | G10: =RANK(F10,$F$9:$F$17)
A11: 손 교체 (f x 교체당 비율) | B11: 보수 f2·100% | C11: 낙관 f1·20% | D11: =((((1)*('계산'!$C$18+'계산'!$C$19)+'계산'!$C$22)*(1+('가정'!$D$57))*'가정'!$D$46+'가정'!$D$58)*-1+PV('가정'!$D$83,'가정'!$D$84,-('가정'!$D$12*('가정'!$D$14)*('가정'!$D$15)*('가정'!$D$16)*('가정'!$D$9)*('계산'!$C$14)-((1)*'계산'!$C$18+'계산'!$C$22)*('가정'!$D$60)*'가정'!$D$46-'가정'!$D$50*(CHOOSE(3,'가정'!$D$64,'가정'!$D$66,'가정'!$D$68,'가정'!$D$70))*('가정'!$D$9)/'가정'!$D$63*(CHOOSE(3,'가정'!$D$65,'가정'!$D$67,'가정'!$D$69,'가정'!$D$71))*'가정'!$D$49*(1)*'가정'!$D$46-('가정'!$D$72+'가정'!$D$73+'가정'!$D$74))))/1000000 | E11: =((((1)*('계산'!$C$18+'계산'!$C$19)+'계산'!$C$22)*(1+('가정'!$D$57))*'가정'!$D$46+'가정'!$D$58)*-1+PV('가정'!$D$83,'가정'!$D$84,-('가정'!$D$12*('가정'!$D$14)*('가정'!$D$15)*('가정'!$D$16)*('가정'!$D$9)*('계산'!$C$14)-((1)*'계산'!$C$18+'계산'!$C$22)*('가정'!$D$60)*'가정'!$D$46-'가정'!$D$50*(CHOOSE(1,'가정'!$D$64,'가정'!$D$66,'가정'!$D$68,'가정'!$D$70))*('가정'!$D$9)/'가정'!$D$63*(CHOOSE(1,'가정'!$D$65,'가정'!$D$67,'가정'!$D$69,'가정'!$D$71))*'가정'!$D$49*(1)*'가정'!$D$46-('가정'!$D$72+'가정'!$D$73+'가정'!$D$74))))/1000000 | F11: =ABS(E11-D11) | G11: =RANK(F11,$F$9:$F$17)
A12: 교대 수 | B12: 2교대 | C12: 3교대 | D12: =((((1)*('계산'!$C$18+'계산'!$C$19)+'계산'!$C$22)*(1+('가정'!$D$57))*'가정'!$D$46+'가정'!$D$58)*-1+PV('가정'!$D$83,'가정'!$D$84,-('가정'!$D$12*('가정'!$D$14)*('가정'!$D$15)*('가정'!$D$16)*(2)*('계산'!$C$14)-((1)*'계산'!$C$18+'계산'!$C$22)*('가정'!$D$60)*'가정'!$D$46-'가정'!$D$50*(CHOOSE('가정'!$D$7,'가정'!$D$64,'가정'!$D$66,'가정'!$D$68,'가정'!$D$70))*(2)/'가정'!$D$63*(CHOOSE('가정'!$D$7,'가정'!$D$65,'가정'!$D$67,'가정'!$D$69,'가정'!$D$71))*'가정'!$D$49*(1)*'가정'!$D$46-('가정'!$D$72+'가정'!$D$73+'가정'!$D$74))))/1000000 | E12: =((((1)*('계산'!$C$18+'계산'!$C$19)+'계산'!$C$22)*(1+('가정'!$D$57))*'가정'!$D$46+'가정'!$D$58)*-1+PV('가정'!$D$83,'가정'!$D$84,-('가정'!$D$12*('가정'!$D$14)*('가정'!$D$15)*('가정'!$D$16)*(3)*('계산'!$C$14)-((1)*'계산'!$C$18+'계산'!$C$22)*('가정'!$D$60)*'가정'!$D$46-'가정'!$D$50*(CHOOSE('가정'!$D$7,'가정'!$D$64,'가정'!$D$66,'가정'!$D$68,'가정'!$D$70))*(3)/'가정'!$D$63*(CHOOSE('가정'!$D$7,'가정'!$D$65,'가정'!$D$67,'가정'!$D$69,'가정'!$D$71))*'가정'!$D$49*(1)*'가정'!$D$46-('가정'!$D$72+'가정'!$D$73+'가정'!$D$74))))/1000000 | F12: =ABS(E12-D12) | G12: =RANK(F12,$F$9:$F$17)
A13: 성공률 | B13: 70% | C13: 95% | D13: =((((1)*('계산'!$C$18+'계산'!$C$19)+'계산'!$C$22)*(1+('가정'!$D$57))*'가정'!$D$46+'가정'!$D$58)*-1+PV('가정'!$D$83,'가정'!$D$84,-('가정'!$D$12*('가정'!$D$14)*(0.7)*('가정'!$D$16)*('가정'!$D$9)*('계산'!$C$14)-((1)*'계산'!$C$18+'계산'!$C$22)*('가정'!$D$60)*'가정'!$D$46-'가정'!$D$50*(CHOOSE('가정'!$D$7,'가정'!$D$64,'가정'!$D$66,'가정'!$D$68,'가정'!$D$70))*('가정'!$D$9)/'가정'!$D$63*(CHOOSE('가정'!$D$7,'가정'!$D$65,'가정'!$D$67,'가정'!$D$69,'가정'!$D$71))*'가정'!$D$49*(1)*'가정'!$D$46-('가정'!$D$72+'가정'!$D$73+'가정'!$D$74))))/1000000 | E13: =((((1)*('계산'!$C$18+'계산'!$C$19)+'계산'!$C$22)*(1+('가정'!$D$57))*'가정'!$D$46+'가정'!$D$58)*-1+PV('가정'!$D$83,'가정'!$D$84,-('가정'!$D$12*('가정'!$D$14)*(0.95)*('가정'!$D$16)*('가정'!$D$9)*('계산'!$C$14)-((1)*'계산'!$C$18+'계산'!$C$22)*('가정'!$D$60)*'가정'!$D$46-'가정'!$D$50*(CHOOSE('가정'!$D$7,'가정'!$D$64,'가정'!$D$66,'가정'!$D$68,'가정'!$D$70))*('가정'!$D$9)/'가정'!$D$63*(CHOOSE('가정'!$D$7,'가정'!$D$65,'가정'!$D$67,'가정'!$D$69,'가정'!$D$71))*'가정'!$D$49*(1)*'가정'!$D$46-('가정'!$D$72+'가정'!$D$73+'가정'!$D$74))))/1000000 | F13: =ABS(E13-D13) | G13: =RANK(F13,$F$9:$F$17)
A14: 가동률 | B14: 60% | C14: 100% | D14: =((((1)*('계산'!$C$18+'계산'!$C$19)+'계산'!$C$22)*(1+('가정'!$D$57))*'가정'!$D$46+'가정'!$D$58)*-1+PV('가정'!$D$83,'가정'!$D$84,-('가정'!$D$12*('가정'!$D$14)*('가정'!$D$15)*(0.6)*('가정'!$D$9)*('계산'!$C$14)-((1)*'계산'!$C$18+'계산'!$C$22)*('가정'!$D$60)*'가정'!$D$46-'가정'!$D$50*(CHOOSE('가정'!$D$7,'가정'!$D$64,'가정'!$D$66,'가정'!$D$68,'가정'!$D$70))*('가정'!$D$9)/'가정'!$D$63*(CHOOSE('가정'!$D$7,'가정'!$D$65,'가정'!$D$67,'가정'!$D$69,'가정'!$D$71))*'가정'!$D$49*(1)*'가정'!$D$46-('가정'!$D$72+'가정'!$D$73+'가정'!$D$74))))/1000000 | E14: =((((1)*('계산'!$C$18+'계산'!$C$19)+'계산'!$C$22)*(1+('가정'!$D$57))*'가정'!$D$46+'가정'!$D$58)*-1+PV('가정'!$D$83,'가정'!$D$84,-('가정'!$D$12*('가정'!$D$14)*('가정'!$D$15)*(1)*('가정'!$D$9)*('계산'!$C$14)-((1)*'계산'!$C$18+'계산'!$C$22)*('가정'!$D$60)*'가정'!$D$46-'가정'!$D$50*(CHOOSE('가정'!$D$7,'가정'!$D$64,'가정'!$D$66,'가정'!$D$68,'가정'!$D$70))*('가정'!$D$9)/'가정'!$D$63*(CHOOSE('가정'!$D$7,'가정'!$D$65,'가정'!$D$67,'가정'!$D$69,'가정'!$D$71))*'가정'!$D$49*(1)*'가정'!$D$46-('가정'!$D$72+'가정'!$D$73+'가정'!$D$74))))/1000000 | F14: =ABS(E14-D14) | G14: =RANK(F14,$F$9:$F$17)
A15: 로봇 팔·손 단가 | B15: +30% | C15: -30% | D15: =((((1.3)*('계산'!$C$18+'계산'!$C$19)+'계산'!$C$22)*(1+('가정'!$D$57))*'가정'!$D$46+'가정'!$D$58)*-1+PV('가정'!$D$83,'가정'!$D$84,-('가정'!$D$12*('가정'!$D$14)*('가정'!$D$15)*('가정'!$D$16)*('가정'!$D$9)*('계산'!$C$14)-((1.3)*'계산'!$C$18+'계산'!$C$22)*('가정'!$D$60)*'가정'!$D$46-'가정'!$D$50*(CHOOSE('가정'!$D$7,'가정'!$D$64,'가정'!$D$66,'가정'!$D$68,'가정'!$D$70))*('가정'!$D$9)/'가정'!$D$63*(CHOOSE('가정'!$D$7,'가정'!$D$65,'가정'!$D$67,'가정'!$D$69,'가정'!$D$71))*'가정'!$D$49*(1.3)*'가정'!$D$46-('가정'!$D$72+'가정'!$D$73+'가정'!$D$74))))/1000000 | E15: =((((0.7)*('계산'!$C$18+'계산'!$C$19)+'계산'!$C$22)*(1+('가정'!$D$57))*'가정'!$D$46+'가정'!$D$58)*-1+PV('가정'!$D$83,'가정'!$D$84,-('가정'!$D$12*('가정'!$D$14)*('가정'!$D$15)*('가정'!$D$16)*('가정'!$D$9)*('계산'!$C$14)-((0.7)*'계산'!$C$18+'계산'!$C$22)*('가정'!$D$60)*'가정'!$D$46-'가정'!$D$50*(CHOOSE('가정'!$D$7,'가정'!$D$64,'가정'!$D$66,'가정'!$D$68,'가정'!$D$70))*('가정'!$D$9)/'가정'!$D$63*(CHOOSE('가정'!$D$7,'가정'!$D$65,'가정'!$D$67,'가정'!$D$69,'가정'!$D$71))*'가정'!$D$49*(0.7)*'가정'!$D$46-('가정'!$D$72+'가정'!$D$73+'가정'!$D$74))))/1000000 | F15: =ABS(E15-D15) | G15: =RANK(F15,$F$9:$F$17)
A16: 시스템 통합비율 | B16: 200% | C16: 50% | D16: =((((1)*('계산'!$C$18+'계산'!$C$19)+'계산'!$C$22)*(1+(2))*'가정'!$D$46+'가정'!$D$58)*-1+PV('가정'!$D$83,'가정'!$D$84,-('가정'!$D$12*('가정'!$D$14)*('가정'!$D$15)*('가정'!$D$16)*('가정'!$D$9)*('계산'!$C$14)-((1)*'계산'!$C$18+'계산'!$C$22)*('가정'!$D$60)*'가정'!$D$46-'가정'!$D$50*(CHOOSE('가정'!$D$7,'가정'!$D$64,'가정'!$D$66,'가정'!$D$68,'가정'!$D$70))*('가정'!$D$9)/'가정'!$D$63*(CHOOSE('가정'!$D$7,'가정'!$D$65,'가정'!$D$67,'가정'!$D$69,'가정'!$D$71))*'가정'!$D$49*(1)*'가정'!$D$46-('가정'!$D$72+'가정'!$D$73+'가정'!$D$74))))/1000000 | E16: =((((1)*('계산'!$C$18+'계산'!$C$19)+'계산'!$C$22)*(1+(0.5))*'가정'!$D$46+'가정'!$D$58)*-1+PV('가정'!$D$83,'가정'!$D$84,-('가정'!$D$12*('가정'!$D$14)*('가정'!$D$15)*('가정'!$D$16)*('가정'!$D$9)*('계산'!$C$14)-((1)*'계산'!$C$18+'계산'!$C$22)*('가정'!$D$60)*'가정'!$D$46-'가정'!$D$50*(CHOOSE('가정'!$D$7,'가정'!$D$64,'가정'!$D$66,'가정'!$D$68,'가정'!$D$70))*('가정'!$D$9)/'가정'!$D$63*(CHOOSE('가정'!$D$7,'가정'!$D$65,'가정'!$D$67,'가정'!$D$69,'가정'!$D$71))*'가정'!$D$49*(1)*'가정'!$D$46-('가정'!$D$72+'가정'!$D$73+'가정'!$D$74))))/1000000 | F16: =ABS(E16-D16) | G16: =RANK(F16,$F$9:$F$17)
A17: 팔·시스템 유지보수율 | B17: 8% | C17: 3% | D17: =((((1)*('계산'!$C$18+'계산'!$C$19)+'계산'!$C$22)*(1+('가정'!$D$57))*'가정'!$D$46+'가정'!$D$58)*-1+PV('가정'!$D$83,'가정'!$D$84,-('가정'!$D$12*('가정'!$D$14)*('가정'!$D$15)*('가정'!$D$16)*('가정'!$D$9)*('계산'!$C$14)-((1)*'계산'!$C$18+'계산'!$C$22)*('가정'!$D$62)*'가정'!$D$46-'가정'!$D$50*(CHOOSE('가정'!$D$7,'가정'!$D$64,'가정'!$D$66,'가정'!$D$68,'가정'!$D$70))*('가정'!$D$9)/'가정'!$D$63*(CHOOSE('가정'!$D$7,'가정'!$D$65,'가정'!$D$67,'가정'!$D$69,'가정'!$D$71))*'가정'!$D$49*(1)*'가정'!$D$46-('가정'!$D$72+'가정'!$D$73+'가정'!$D$74))))/1000000 | E17: =((((1)*('계산'!$C$18+'계산'!$C$19)+'계산'!$C$22)*(1+('가정'!$D$57))*'가정'!$D$46+'가정'!$D$58)*-1+PV('가정'!$D$83,'가정'!$D$84,-('가정'!$D$12*('가정'!$D$14)*('가정'!$D$15)*('가정'!$D$16)*('가정'!$D$9)*('계산'!$C$14)-((1)*'계산'!$C$18+'계산'!$C$22)*('가정'!$D$61)*'가정'!$D$46-'가정'!$D$50*(CHOOSE('가정'!$D$7,'가정'!$D$64,'가정'!$D$66,'가정'!$D$68,'가정'!$D$70))*('가정'!$D$9)/'가정'!$D$63*(CHOOSE('가정'!$D$7,'가정'!$D$65,'가정'!$D$67,'가정'!$D$69,'가정'!$D$71))*'가정'!$D$49*(1)*'가정'!$D$46-('가정'!$D$72+'가정'!$D$73+'가정'!$D$74))))/1000000 | F17: =ABS(E17-D17) | G17: =RANK(F17,$F$9:$F$17)
A18: 기준(기본) NPV (백만원) | D18: ='계산'!$C$59/1000000
A21: 2. 속도비 x 인건비 시나리오 - 회수 기간 (년)
A22: 기준: 가정 시트 선택 손 교체·교대. 인건비 시나리오 1=하한 2=기본 3=상한. 속도비 0.5는 기술 가능성 게이트일 뿐 ROI 성립 기준이 아니다.
A23: 속도비 \ 인건비 시나리오 | B23: 1 | C23: 2 | D23: 3
A24: 0.25 | B24: =IF(('가정'!$D$12*($A24)*('가정'!$D$15)*('가정'!$D$16)*('가정'!$D$9)*(INDEX('계산'!$C$13:$E$13,B$23))-((1)*'계산'!$C$18+'계산'!$C$22)*('가정'!$D$60)*'가정'!$D$46-'가정'!$D$50*(CHOOSE('가정'!$D$7,'가정'!$D$64,'가정'!$D$66,'가정'!$D$68,'가정'!$D$70))*('가정'!$D$9)/'가정'!$D$63*(CHOOSE('가정'!$D$7,'가정'!$D$65,'가정'!$D$67,'가정'!$D$69,'가정'!$D$71))*'가정'!$D$49*(1)*'가정'!$D$46-('가정'!$D$72+'가정'!$D$73+'가정'!$D$74))>0,(((1)*('계산'!$C$18+'계산'!$C$19)+'계산'!$C$22)*(1+('가정'!$D$57))*'가정'!$D$46+'가정'!$D$58)/('가정'!$D$12*($A24)*('가정'!$D$15)*('가정'!$D$16)*('가정'!$D$9)*(INDEX('계산'!$C$13:$E$13,B$23))-((1)*'계산'!$C$18+'계산'!$C$22)*('가정'!$D$60)*'가정'!$D$46-'가정'!$D$50*(CHOOSE('가정'!$D$7,'가정'!$D$64,'가정'!$D$66,'가정'!$D$68,'가정'!$D$70))*('가정'!$D$9)/'가정'!$D$63*(CHOOSE('가정'!$D$7,'가정'!$D$65,'가정'!$D$67,'가정'!$D$69,'가정'!$D$71))*'가정'!$D$49*(1)*'가정'!$D$46-('가정'!$D$72+'가정'!$D$73+'가정'!$D$74)),"회수 불가") | C24: =IF(('가정'!$D$12*($A24)*('가정'!$D$15)*('가정'!$D$16)*('가정'!$D$9)*(INDEX('계산'!$C$13:$E$13,C$23))-((1)*'계산'!$C$18+'계산'!$C$22)*('가정'!$D$60)*'가정'!$D$46-'가정'!$D$50*(CHOOSE('가정'!$D$7,'가정'!$D$64,'가정'!$D$66,'가정'!$D$68,'가정'!$D$70))*('가정'!$D$9)/'가정'!$D$63*(CHOOSE('가정'!$D$7,'가정'!$D$65,'가정'!$D$67,'가정'!$D$69,'가정'!$D$71))*'가정'!$D$49*(1)*'가정'!$D$46-('가정'!$D$72+'가정'!$D$73+'가정'!$D$74))>0,(((1)*('계산'!$C$18+'계산'!$C$19)+'계산'!$C$22)*(1+('가정'!$D$57))*'가정'!$D$46+'가정'!$D$58)/('가정'!$D$12*($A24)*('가정'!$D$15)*('가정'!$D$16)*('가정'!$D$9)*(INDEX('계산'!$C$13:$E$13,C$23))-((1)*'계산'!$C$18+'계산'!$C$22)*('가정'!$D$60)*'가정'!$D$46-'가정'!$D$50*(CHOOSE('가정'!$D$7,'가정'!$D$64,'가정'!$D$66,'가정'!$D$68,'가정'!$D$70))*('가정'!$D$9)/'가정'!$D$63*(CHOOSE('가정'!$D$7,'가정'!$D$65,'가정'!$D$67,'가정'!$D$69,'가정'!$D$71))*'가정'!$D$49*(1)*'가정'!$D$46-('가정'!$D$72+'가정'!$D$73+'가정'!$D$74)),"회수 불가") | D24: =IF(('가정'!$D$12*($A24)*('가정'!$D$15)*('가정'!$D$16)*('가정'!$D$9)*(INDEX('계산'!$C$13:$E$13,D$23))-((1)*'계산'!$C$18+'계산'!$C$22)*('가정'!$D$60)*'가정'!$D$46-'가정'!$D$50*(CHOOSE('가정'!$D$7,'가정'!$D$64,'가정'!$D$66,'가정'!$D$68,'가정'!$D$70))*('가정'!$D$9)/'가정'!$D$63*(CHOOSE('가정'!$D$7,'가정'!$D$65,'가정'!$D$67,'가정'!$D$69,'가정'!$D$71))*'가정'!$D$49*(1)*'가정'!$D$46-('가정'!$D$72+'가정'!$D$73+'가정'!$D$74))>0,(((1)*('계산'!$C$18+'계산'!$C$19)+'계산'!$C$22)*(1+('가정'!$D$57))*'가정'!$D$46+'가정'!$D$58)/('가정'!$D$12*($A24)*('가정'!$D$15)*('가정'!$D$16)*('가정'!$D$9)*(INDEX('계산'!$C$13:$E$13,D$23))-((1)*'계산'!$C$18+'계산'!$C$22)*('가정'!$D$60)*'가정'!$D$46-'가정'!$D$50*(CHOOSE('가정'!$D$7,'가정'!$D$64,'가정'!$D$66,'가정'!$D$68,'가정'!$D$70))*('가정'!$D$9)/'가정'!$D$63*(CHOOSE('가정'!$D$7,'가정'!$D$65,'가정'!$D$67,'가정'!$D$69,'가정'!$D$71))*'가정'!$D$49*(1)*'가정'!$D$46-('가정'!$D$72+'가정'!$D$73+'가정'!$D$74)),"회수 불가")
A25: 0.5 | B25: =IF(('가정'!$D$12*($A25)*('가정'!$D$15)*('가정'!$D$16)*('가정'!$D$9)*(INDEX('계산'!$C$13:$E$13,B$23))-((1)*'계산'!$C$18+'계산'!$C$22)*('가정'!$D$60)*'가정'!$D$46-'가정'!$D$50*(CHOOSE('가정'!$D$7,'가정'!$D$64,'가정'!$D$66,'가정'!$D$68,'가정'!$D$70))*('가정'!$D$9)/'가정'!$D$63*(CHOOSE('가정'!$D$7,'가정'!$D$65,'가정'!$D$67,'가정'!$D$69,'가정'!$D$71))*'가정'!$D$49*(1)*'가정'!$D$46-('가정'!$D$72+'가정'!$D$73+'가정'!$D$74))>0,(((1)*('계산'!$C$18+'계산'!$C$19)+'계산'!$C$22)*(1+('가정'!$D$57))*'가정'!$D$46+'가정'!$D$58)/('가정'!$D$12*($A25)*('가정'!$D$15)*('가정'!$D$16)*('가정'!$D$9)*(INDEX('계산'!$C$13:$E$13,B$23))-((1)*'계산'!$C$18+'계산'!$C$22)*('가정'!$D$60)*'가정'!$D$46-'가정'!$D$50*(CHOOSE('가정'!$D$7,'가정'!$D$64,'가정'!$D$66,'가정'!$D$68,'가정'!$D$70))*('가정'!$D$9)/'가정'!$D$63*(CHOOSE('가정'!$D$7,'가정'!$D$65,'가정'!$D$67,'가정'!$D$69,'가정'!$D$71))*'가정'!$D$49*(1)*'가정'!$D$46-('가정'!$D$72+'가정'!$D$73+'가정'!$D$74)),"회수 불가") | C25: =IF(('가정'!$D$12*($A25)*('가정'!$D$15)*('가정'!$D$16)*('가정'!$D$9)*(INDEX('계산'!$C$13:$E$13,C$23))-((1)*'계산'!$C$18+'계산'!$C$22)*('가정'!$D$60)*'가정'!$D$46-'가정'!$D$50*(CHOOSE('가정'!$D$7,'가정'!$D$64,'가정'!$D$66,'가정'!$D$68,'가정'!$D$70))*('가정'!$D$9)/'가정'!$D$63*(CHOOSE('가정'!$D$7,'가정'!$D$65,'가정'!$D$67,'가정'!$D$69,'가정'!$D$71))*'가정'!$D$49*(1)*'가정'!$D$46-('가정'!$D$72+'가정'!$D$73+'가정'!$D$74))>0,(((1)*('계산'!$C$18+'계산'!$C$19)+'계산'!$C$22)*(1+('가정'!$D$57))*'가정'!$D$46+'가정'!$D$58)/('가정'!$D$12*($A25)*('가정'!$D$15)*('가정'!$D$16)*('가정'!$D$9)*(INDEX('계산'!$C$13:$E$13,C$23))-((1)*'계산'!$C$18+'계산'!$C$22)*('가정'!$D$60)*'가정'!$D$46-'가정'!$D$50*(CHOOSE('가정'!$D$7,'가정'!$D$64,'가정'!$D$66,'가정'!$D$68,'가정'!$D$70))*('가정'!$D$9)/'가정'!$D$63*(CHOOSE('가정'!$D$7,'가정'!$D$65,'가정'!$D$67,'가정'!$D$69,'가정'!$D$71))*'가정'!$D$49*(1)*'가정'!$D$46-('가정'!$D$72+'가정'!$D$73+'가정'!$D$74)),"회수 불가") | D25: =IF(('가정'!$D$12*($A25)*('가정'!$D$15)*('가정'!$D$16)*('가정'!$D$9)*(INDEX('계산'!$C$13:$E$13,D$23))-((1)*'계산'!$C$18+'계산'!$C$22)*('가정'!$D$60)*'가정'!$D$46-'가정'!$D$50*(CHOOSE('가정'!$D$7,'가정'!$D$64,'가정'!$D$66,'가정'!$D$68,'가정'!$D$70))*('가정'!$D$9)/'가정'!$D$63*(CHOOSE('가정'!$D$7,'가정'!$D$65,'가정'!$D$67,'가정'!$D$69,'가정'!$D$71))*'가정'!$D$49*(1)*'가정'!$D$46-('가정'!$D$72+'가정'!$D$73+'가정'!$D$74))>0,(((1)*('계산'!$C$18+'계산'!$C$19)+'계산'!$C$22)*(1+('가정'!$D$57))*'가정'!$D$46+'가정'!$D$58)/('가정'!$D$12*($A25)*('가정'!$D$15)*('가정'!$D$16)*('가정'!$D$9)*(INDEX('계산'!$C$13:$E$13,D$23))-((1)*'계산'!$C$18+'계산'!$C$22)*('가정'!$D$60)*'가정'!$D$46-'가정'!$D$50*(CHOOSE('가정'!$D$7,'가정'!$D$64,'가정'!$D$66,'가정'!$D$68,'가정'!$D$70))*('가정'!$D$9)/'가정'!$D$63*(CHOOSE('가정'!$D$7,'가정'!$D$65,'가정'!$D$67,'가정'!$D$69,'가정'!$D$71))*'가정'!$D$49*(1)*'가정'!$D$46-('가정'!$D$72+'가정'!$D$73+'가정'!$D$74)),"회수 불가")
A26: 0.75 | B26: =IF(('가정'!$D$12*($A26)*('가정'!$D$15)*('가정'!$D$16)*('가정'!$D$9)*(INDEX('계산'!$C$13:$E$13,B$23))-((1)*'계산'!$C$18+'계산'!$C$22)*('가정'!$D$60)*'가정'!$D$46-'가정'!$D$50*(CHOOSE('가정'!$D$7,'가정'!$D$64,'가정'!$D$66,'가정'!$D$68,'가정'!$D$70))*('가정'!$D$9)/'가정'!$D$63*(CHOOSE('가정'!$D$7,'가정'!$D$65,'가정'!$D$67,'가정'!$D$69,'가정'!$D$71))*'가정'!$D$49*(1)*'가정'!$D$46-('가정'!$D$72+'가정'!$D$73+'가정'!$D$74))>0,(((1)*('계산'!$C$18+'계산'!$C$19)+'계산'!$C$22)*(1+('가정'!$D$57))*'가정'!$D$46+'가정'!$D$58)/('가정'!$D$12*($A26)*('가정'!$D$15)*('가정'!$D$16)*('가정'!$D$9)*(INDEX('계산'!$C$13:$E$13,B$23))-((1)*'계산'!$C$18+'계산'!$C$22)*('가정'!$D$60)*'가정'!$D$46-'가정'!$D$50*(CHOOSE('가정'!$D$7,'가정'!$D$64,'가정'!$D$66,'가정'!$D$68,'가정'!$D$70))*('가정'!$D$9)/'가정'!$D$63*(CHOOSE('가정'!$D$7,'가정'!$D$65,'가정'!$D$67,'가정'!$D$69,'가정'!$D$71))*'가정'!$D$49*(1)*'가정'!$D$46-('가정'!$D$72+'가정'!$D$73+'가정'!$D$74)),"회수 불가") | C26: =IF(('가정'!$D$12*($A26)*('가정'!$D$15)*('가정'!$D$16)*('가정'!$D$9)*(INDEX('계산'!$C$13:$E$13,C$23))-((1)*'계산'!$C$18+'계산'!$C$22)*('가정'!$D$60)*'가정'!$D$46-'가정'!$D$50*(CHOOSE('가정'!$D$7,'가정'!$D$64,'가정'!$D$66,'가정'!$D$68,'가정'!$D$70))*('가정'!$D$9)/'가정'!$D$63*(CHOOSE('가정'!$D$7,'가정'!$D$65,'가정'!$D$67,'가정'!$D$69,'가정'!$D$71))*'가정'!$D$49*(1)*'가정'!$D$46-('가정'!$D$72+'가정'!$D$73+'가정'!$D$74))>0,(((1)*('계산'!$C$18+'계산'!$C$19)+'계산'!$C$22)*(1+('가정'!$D$57))*'가정'!$D$46+'가정'!$D$58)/('가정'!$D$12*($A26)*('가정'!$D$15)*('가정'!$D$16)*('가정'!$D$9)*(INDEX('계산'!$C$13:$E$13,C$23))-((1)*'계산'!$C$18+'계산'!$C$22)*('가정'!$D$60)*'가정'!$D$46-'가정'!$D$50*(CHOOSE('가정'!$D$7,'가정'!$D$64,'가정'!$D$66,'가정'!$D$68,'가정'!$D$70))*('가정'!$D$9)/'가정'!$D$63*(CHOOSE('가정'!$D$7,'가정'!$D$65,'가정'!$D$67,'가정'!$D$69,'가정'!$D$71))*'가정'!$D$49*(1)*'가정'!$D$46-('가정'!$D$72+'가정'!$D$73+'가정'!$D$74)),"회수 불가") | D26: =IF(('가정'!$D$12*($A26)*('가정'!$D$15)*('가정'!$D$16)*('가정'!$D$9)*(INDEX('계산'!$C$13:$E$13,D$23))-((1)*'계산'!$C$18+'계산'!$C$22)*('가정'!$D$60)*'가정'!$D$46-'가정'!$D$50*(CHOOSE('가정'!$D$7,'가정'!$D$64,'가정'!$D$66,'가정'!$D$68,'가정'!$D$70))*('가정'!$D$9)/'가정'!$D$63*(CHOOSE('가정'!$D$7,'가정'!$D$65,'가정'!$D$67,'가정'!$D$69,'가정'!$D$71))*'가정'!$D$49*(1)*'가정'!$D$46-('가정'!$D$72+'가정'!$D$73+'가정'!$D$74))>0,(((1)*('계산'!$C$18+'계산'!$C$19)+'계산'!$C$22)*(1+('가정'!$D$57))*'가정'!$D$46+'가정'!$D$58)/('가정'!$D$12*($A26)*('가정'!$D$15)*('가정'!$D$16)*('가정'!$D$9)*(INDEX('계산'!$C$13:$E$13,D$23))-((1)*'계산'!$C$18+'계산'!$C$22)*('가정'!$D$60)*'가정'!$D$46-'가정'!$D$50*(CHOOSE('가정'!$D$7,'가정'!$D$64,'가정'!$D$66,'가정'!$D$68,'가정'!$D$70))*('가정'!$D$9)/'가정'!$D$63*(CHOOSE('가정'!$D$7,'가정'!$D$65,'가정'!$D$67,'가정'!$D$69,'가정'!$D$71))*'가정'!$D$49*(1)*'가정'!$D$46-('가정'!$D$72+'가정'!$D$73+'가정'!$D$74)),"회수 불가")
A27: 1 | B27: =IF(('가정'!$D$12*($A27)*('가정'!$D$15)*('가정'!$D$16)*('가정'!$D$9)*(INDEX('계산'!$C$13:$E$13,B$23))-((1)*'계산'!$C$18+'계산'!$C$22)*('가정'!$D$60)*'가정'!$D$46-'가정'!$D$50*(CHOOSE('가정'!$D$7,'가정'!$D$64,'가정'!$D$66,'가정'!$D$68,'가정'!$D$70))*('가정'!$D$9)/'가정'!$D$63*(CHOOSE('가정'!$D$7,'가정'!$D$65,'가정'!$D$67,'가정'!$D$69,'가정'!$D$71))*'가정'!$D$49*(1)*'가정'!$D$46-('가정'!$D$72+'가정'!$D$73+'가정'!$D$74))>0,(((1)*('계산'!$C$18+'계산'!$C$19)+'계산'!$C$22)*(1+('가정'!$D$57))*'가정'!$D$46+'가정'!$D$58)/('가정'!$D$12*($A27)*('가정'!$D$15)*('가정'!$D$16)*('가정'!$D$9)*(INDEX('계산'!$C$13:$E$13,B$23))-((1)*'계산'!$C$18+'계산'!$C$22)*('가정'!$D$60)*'가정'!$D$46-'가정'!$D$50*(CHOOSE('가정'!$D$7,'가정'!$D$64,'가정'!$D$66,'가정'!$D$68,'가정'!$D$70))*('가정'!$D$9)/'가정'!$D$63*(CHOOSE('가정'!$D$7,'가정'!$D$65,'가정'!$D$67,'가정'!$D$69,'가정'!$D$71))*'가정'!$D$49*(1)*'가정'!$D$46-('가정'!$D$72+'가정'!$D$73+'가정'!$D$74)),"회수 불가") | C27: =IF(('가정'!$D$12*($A27)*('가정'!$D$15)*('가정'!$D$16)*('가정'!$D$9)*(INDEX('계산'!$C$13:$E$13,C$23))-((1)*'계산'!$C$18+'계산'!$C$22)*('가정'!$D$60)*'가정'!$D$46-'가정'!$D$50*(CHOOSE('가정'!$D$7,'가정'!$D$64,'가정'!$D$66,'가정'!$D$68,'가정'!$D$70))*('가정'!$D$9)/'가정'!$D$63*(CHOOSE('가정'!$D$7,'가정'!$D$65,'가정'!$D$67,'가정'!$D$69,'가정'!$D$71))*'가정'!$D$49*(1)*'가정'!$D$46-('가정'!$D$72+'가정'!$D$73+'가정'!$D$74))>0,(((1)*('계산'!$C$18+'계산'!$C$19)+'계산'!$C$22)*(1+('가정'!$D$57))*'가정'!$D$46+'가정'!$D$58)/('가정'!$D$12*($A27)*('가정'!$D$15)*('가정'!$D$16)*('가정'!$D$9)*(INDEX('계산'!$C$13:$E$13,C$23))-((1)*'계산'!$C$18+'계산'!$C$22)*('가정'!$D$60)*'가정'!$D$46-'가정'!$D$50*(CHOOSE('가정'!$D$7,'가정'!$D$64,'가정'!$D$66,'가정'!$D$68,'가정'!$D$70))*('가정'!$D$9)/'가정'!$D$63*(CHOOSE('가정'!$D$7,'가정'!$D$65,'가정'!$D$67,'가정'!$D$69,'가정'!$D$71))*'가정'!$D$49*(1)*'가정'!$D$46-('가정'!$D$72+'가정'!$D$73+'가정'!$D$74)),"회수 불가") | D27: =IF(('가정'!$D$12*($A27)*('가정'!$D$15)*('가정'!$D$16)*('가정'!$D$9)*(INDEX('계산'!$C$13:$E$13,D$23))-((1)*'계산'!$C$18+'계산'!$C$22)*('가정'!$D$60)*'가정'!$D$46-'가정'!$D$50*(CHOOSE('가정'!$D$7,'가정'!$D$64,'가정'!$D$66,'가정'!$D$68,'가정'!$D$70))*('가정'!$D$9)/'가정'!$D$63*(CHOOSE('가정'!$D$7,'가정'!$D$65,'가정'!$D$67,'가정'!$D$69,'가정'!$D$71))*'가정'!$D$49*(1)*'가정'!$D$46-('가정'!$D$72+'가정'!$D$73+'가정'!$D$74))>0,(((1)*('계산'!$C$18+'계산'!$C$19)+'계산'!$C$22)*(1+('가정'!$D$57))*'가정'!$D$46+'가정'!$D$58)/('가정'!$D$12*($A27)*('가정'!$D$15)*('가정'!$D$16)*('가정'!$D$9)*(INDEX('계산'!$C$13:$E$13,D$23))-((1)*'계산'!$C$18+'계산'!$C$22)*('가정'!$D$60)*'가정'!$D$46-'가정'!$D$50*(CHOOSE('가정'!$D$7,'가정'!$D$64,'가정'!$D$66,'가정'!$D$68,'가정'!$D$70))*('가정'!$D$9)/'가정'!$D$63*(CHOOSE('가정'!$D$7,'가정'!$D$65,'가정'!$D$67,'가정'!$D$69,'가정'!$D$71))*'가정'!$D$49*(1)*'가정'!$D$46-('가정'!$D$72+'가정'!$D$73+'가정'!$D$74)),"회수 불가")
A28: 1.25 | B28: =IF(('가정'!$D$12*($A28)*('가정'!$D$15)*('가정'!$D$16)*('가정'!$D$9)*(INDEX('계산'!$C$13:$E$13,B$23))-((1)*'계산'!$C$18+'계산'!$C$22)*('가정'!$D$60)*'가정'!$D$46-'가정'!$D$50*(CHOOSE('가정'!$D$7,'가정'!$D$64,'가정'!$D$66,'가정'!$D$68,'가정'!$D$70))*('가정'!$D$9)/'가정'!$D$63*(CHOOSE('가정'!$D$7,'가정'!$D$65,'가정'!$D$67,'가정'!$D$69,'가정'!$D$71))*'가정'!$D$49*(1)*'가정'!$D$46-('가정'!$D$72+'가정'!$D$73+'가정'!$D$74))>0,(((1)*('계산'!$C$18+'계산'!$C$19)+'계산'!$C$22)*(1+('가정'!$D$57))*'가정'!$D$46+'가정'!$D$58)/('가정'!$D$12*($A28)*('가정'!$D$15)*('가정'!$D$16)*('가정'!$D$9)*(INDEX('계산'!$C$13:$E$13,B$23))-((1)*'계산'!$C$18+'계산'!$C$22)*('가정'!$D$60)*'가정'!$D$46-'가정'!$D$50*(CHOOSE('가정'!$D$7,'가정'!$D$64,'가정'!$D$66,'가정'!$D$68,'가정'!$D$70))*('가정'!$D$9)/'가정'!$D$63*(CHOOSE('가정'!$D$7,'가정'!$D$65,'가정'!$D$67,'가정'!$D$69,'가정'!$D$71))*'가정'!$D$49*(1)*'가정'!$D$46-('가정'!$D$72+'가정'!$D$73+'가정'!$D$74)),"회수 불가") | C28: =IF(('가정'!$D$12*($A28)*('가정'!$D$15)*('가정'!$D$16)*('가정'!$D$9)*(INDEX('계산'!$C$13:$E$13,C$23))-((1)*'계산'!$C$18+'계산'!$C$22)*('가정'!$D$60)*'가정'!$D$46-'가정'!$D$50*(CHOOSE('가정'!$D$7,'가정'!$D$64,'가정'!$D$66,'가정'!$D$68,'가정'!$D$70))*('가정'!$D$9)/'가정'!$D$63*(CHOOSE('가정'!$D$7,'가정'!$D$65,'가정'!$D$67,'가정'!$D$69,'가정'!$D$71))*'가정'!$D$49*(1)*'가정'!$D$46-('가정'!$D$72+'가정'!$D$73+'가정'!$D$74))>0,(((1)*('계산'!$C$18+'계산'!$C$19)+'계산'!$C$22)*(1+('가정'!$D$57))*'가정'!$D$46+'가정'!$D$58)/('가정'!$D$12*($A28)*('가정'!$D$15)*('가정'!$D$16)*('가정'!$D$9)*(INDEX('계산'!$C$13:$E$13,C$23))-((1)*'계산'!$C$18+'계산'!$C$22)*('가정'!$D$60)*'가정'!$D$46-'가정'!$D$50*(CHOOSE('가정'!$D$7,'가정'!$D$64,'가정'!$D$66,'가정'!$D$68,'가정'!$D$70))*('가정'!$D$9)/'가정'!$D$63*(CHOOSE('가정'!$D$7,'가정'!$D$65,'가정'!$D$67,'가정'!$D$69,'가정'!$D$71))*'가정'!$D$49*(1)*'가정'!$D$46-('가정'!$D$72+'가정'!$D$73+'가정'!$D$74)),"회수 불가") | D28: =IF(('가정'!$D$12*($A28)*('가정'!$D$15)*('가정'!$D$16)*('가정'!$D$9)*(INDEX('계산'!$C$13:$E$13,D$23))-((1)*'계산'!$C$18+'계산'!$C$22)*('가정'!$D$60)*'가정'!$D$46-'가정'!$D$50*(CHOOSE('가정'!$D$7,'가정'!$D$64,'가정'!$D$66,'가정'!$D$68,'가정'!$D$70))*('가정'!$D$9)/'가정'!$D$63*(CHOOSE('가정'!$D$7,'가정'!$D$65,'가정'!$D$67,'가정'!$D$69,'가정'!$D$71))*'가정'!$D$49*(1)*'가정'!$D$46-('가정'!$D$72+'가정'!$D$73+'가정'!$D$74))>0,(((1)*('계산'!$C$18+'계산'!$C$19)+'계산'!$C$22)*(1+('가정'!$D$57))*'가정'!$D$46+'가정'!$D$58)/('가정'!$D$12*($A28)*('가정'!$D$15)*('가정'!$D$16)*('가정'!$D$9)*(INDEX('계산'!$C$13:$E$13,D$23))-((1)*'계산'!$C$18+'계산'!$C$22)*('가정'!$D$60)*'가정'!$D$46-'가정'!$D$50*(CHOOSE('가정'!$D$7,'가정'!$D$64,'가정'!$D$66,'가정'!$D$68,'가정'!$D$70))*('가정'!$D$9)/'가정'!$D$63*(CHOOSE('가정'!$D$7,'가정'!$D$65,'가정'!$D$67,'가정'!$D$69,'가정'!$D$71))*'가정'!$D$49*(1)*'가정'!$D$46-('가정'!$D$72+'가정'!$D$73+'가정'!$D$74)),"회수 불가")
A31: 2b. 속도비 x 인건비 시나리오 - 5년 NPV (백만 원)
A32: 속도비 \ 인건비 시나리오 | B32: 1 | C32: 2 | D32: 3
A33: 0.25 | B33: =((((1)*('계산'!$C$18+'계산'!$C$19)+'계산'!$C$22)*(1+('가정'!$D$57))*'가정'!$D$46+'가정'!$D$58)*-1+PV('가정'!$D$83,'가정'!$D$84,-('가정'!$D$12*($A33)*('가정'!$D$15)*('가정'!$D$16)*('가정'!$D$9)*(INDEX('계산'!$C$13:$E$13,B$32))-((1)*'계산'!$C$18+'계산'!$C$22)*('가정'!$D$60)*'가정'!$D$46-'가정'!$D$50*(CHOOSE('가정'!$D$7,'가정'!$D$64,'가정'!$D$66,'가정'!$D$68,'가정'!$D$70))*('가정'!$D$9)/'가정'!$D$63*(CHOOSE('가정'!$D$7,'가정'!$D$65,'가정'!$D$67,'가정'!$D$69,'가정'!$D$71))*'가정'!$D$49*(1)*'가정'!$D$46-('가정'!$D$72+'가정'!$D$73+'가정'!$D$74))))/1000000 | C33: =((((1)*('계산'!$C$18+'계산'!$C$19)+'계산'!$C$22)*(1+('가정'!$D$57))*'가정'!$D$46+'가정'!$D$58)*-1+PV('가정'!$D$83,'가정'!$D$84,-('가정'!$D$12*($A33)*('가정'!$D$15)*('가정'!$D$16)*('가정'!$D$9)*(INDEX('계산'!$C$13:$E$13,C$32))-((1)*'계산'!$C$18+'계산'!$C$22)*('가정'!$D$60)*'가정'!$D$46-'가정'!$D$50*(CHOOSE('가정'!$D$7,'가정'!$D$64,'가정'!$D$66,'가정'!$D$68,'가정'!$D$70))*('가정'!$D$9)/'가정'!$D$63*(CHOOSE('가정'!$D$7,'가정'!$D$65,'가정'!$D$67,'가정'!$D$69,'가정'!$D$71))*'가정'!$D$49*(1)*'가정'!$D$46-('가정'!$D$72+'가정'!$D$73+'가정'!$D$74))))/1000000 | D33: =((((1)*('계산'!$C$18+'계산'!$C$19)+'계산'!$C$22)*(1+('가정'!$D$57))*'가정'!$D$46+'가정'!$D$58)*-1+PV('가정'!$D$83,'가정'!$D$84,-('가정'!$D$12*($A33)*('가정'!$D$15)*('가정'!$D$16)*('가정'!$D$9)*(INDEX('계산'!$C$13:$E$13,D$32))-((1)*'계산'!$C$18+'계산'!$C$22)*('가정'!$D$60)*'가정'!$D$46-'가정'!$D$50*(CHOOSE('가정'!$D$7,'가정'!$D$64,'가정'!$D$66,'가정'!$D$68,'가정'!$D$70))*('가정'!$D$9)/'가정'!$D$63*(CHOOSE('가정'!$D$7,'가정'!$D$65,'가정'!$D$67,'가정'!$D$69,'가정'!$D$71))*'가정'!$D$49*(1)*'가정'!$D$46-('가정'!$D$72+'가정'!$D$73+'가정'!$D$74))))/1000000
A34: 0.5 | B34: =((((1)*('계산'!$C$18+'계산'!$C$19)+'계산'!$C$22)*(1+('가정'!$D$57))*'가정'!$D$46+'가정'!$D$58)*-1+PV('가정'!$D$83,'가정'!$D$84,-('가정'!$D$12*($A34)*('가정'!$D$15)*('가정'!$D$16)*('가정'!$D$9)*(INDEX('계산'!$C$13:$E$13,B$32))-((1)*'계산'!$C$18+'계산'!$C$22)*('가정'!$D$60)*'가정'!$D$46-'가정'!$D$50*(CHOOSE('가정'!$D$7,'가정'!$D$64,'가정'!$D$66,'가정'!$D$68,'가정'!$D$70))*('가정'!$D$9)/'가정'!$D$63*(CHOOSE('가정'!$D$7,'가정'!$D$65,'가정'!$D$67,'가정'!$D$69,'가정'!$D$71))*'가정'!$D$49*(1)*'가정'!$D$46-('가정'!$D$72+'가정'!$D$73+'가정'!$D$74))))/1000000 | C34: =((((1)*('계산'!$C$18+'계산'!$C$19)+'계산'!$C$22)*(1+('가정'!$D$57))*'가정'!$D$46+'가정'!$D$58)*-1+PV('가정'!$D$83,'가정'!$D$84,-('가정'!$D$12*($A34)*('가정'!$D$15)*('가정'!$D$16)*('가정'!$D$9)*(INDEX('계산'!$C$13:$E$13,C$32))-((1)*'계산'!$C$18+'계산'!$C$22)*('가정'!$D$60)*'가정'!$D$46-'가정'!$D$50*(CHOOSE('가정'!$D$7,'가정'!$D$64,'가정'!$D$66,'가정'!$D$68,'가정'!$D$70))*('가정'!$D$9)/'가정'!$D$63*(CHOOSE('가정'!$D$7,'가정'!$D$65,'가정'!$D$67,'가정'!$D$69,'가정'!$D$71))*'가정'!$D$49*(1)*'가정'!$D$46-('가정'!$D$72+'가정'!$D$73+'가정'!$D$74))))/1000000 | D34: =((((1)*('계산'!$C$18+'계산'!$C$19)+'계산'!$C$22)*(1+('가정'!$D$57))*'가정'!$D$46+'가정'!$D$58)*-1+PV('가정'!$D$83,'가정'!$D$84,-('가정'!$D$12*($A34)*('가정'!$D$15)*('가정'!$D$16)*('가정'!$D$9)*(INDEX('계산'!$C$13:$E$13,D$32))-((1)*'계산'!$C$18+'계산'!$C$22)*('가정'!$D$60)*'가정'!$D$46-'가정'!$D$50*(CHOOSE('가정'!$D$7,'가정'!$D$64,'가정'!$D$66,'가정'!$D$68,'가정'!$D$70))*('가정'!$D$9)/'가정'!$D$63*(CHOOSE('가정'!$D$7,'가정'!$D$65,'가정'!$D$67,'가정'!$D$69,'가정'!$D$71))*'가정'!$D$49*(1)*'가정'!$D$46-('가정'!$D$72+'가정'!$D$73+'가정'!$D$74))))/1000000
A35: 0.75 | B35: =((((1)*('계산'!$C$18+'계산'!$C$19)+'계산'!$C$22)*(1+('가정'!$D$57))*'가정'!$D$46+'가정'!$D$58)*-1+PV('가정'!$D$83,'가정'!$D$84,-('가정'!$D$12*($A35)*('가정'!$D$15)*('가정'!$D$16)*('가정'!$D$9)*(INDEX('계산'!$C$13:$E$13,B$32))-((1)*'계산'!$C$18+'계산'!$C$22)*('가정'!$D$60)*'가정'!$D$46-'가정'!$D$50*(CHOOSE('가정'!$D$7,'가정'!$D$64,'가정'!$D$66,'가정'!$D$68,'가정'!$D$70))*('가정'!$D$9)/'가정'!$D$63*(CHOOSE('가정'!$D$7,'가정'!$D$65,'가정'!$D$67,'가정'!$D$69,'가정'!$D$71))*'가정'!$D$49*(1)*'가정'!$D$46-('가정'!$D$72+'가정'!$D$73+'가정'!$D$74))))/1000000 | C35: =((((1)*('계산'!$C$18+'계산'!$C$19)+'계산'!$C$22)*(1+('가정'!$D$57))*'가정'!$D$46+'가정'!$D$58)*-1+PV('가정'!$D$83,'가정'!$D$84,-('가정'!$D$12*($A35)*('가정'!$D$15)*('가정'!$D$16)*('가정'!$D$9)*(INDEX('계산'!$C$13:$E$13,C$32))-((1)*'계산'!$C$18+'계산'!$C$22)*('가정'!$D$60)*'가정'!$D$46-'가정'!$D$50*(CHOOSE('가정'!$D$7,'가정'!$D$64,'가정'!$D$66,'가정'!$D$68,'가정'!$D$70))*('가정'!$D$9)/'가정'!$D$63*(CHOOSE('가정'!$D$7,'가정'!$D$65,'가정'!$D$67,'가정'!$D$69,'가정'!$D$71))*'가정'!$D$49*(1)*'가정'!$D$46-('가정'!$D$72+'가정'!$D$73+'가정'!$D$74))))/1000000 | D35: =((((1)*('계산'!$C$18+'계산'!$C$19)+'계산'!$C$22)*(1+('가정'!$D$57))*'가정'!$D$46+'가정'!$D$58)*-1+PV('가정'!$D$83,'가정'!$D$84,-('가정'!$D$12*($A35)*('가정'!$D$15)*('가정'!$D$16)*('가정'!$D$9)*(INDEX('계산'!$C$13:$E$13,D$32))-((1)*'계산'!$C$18+'계산'!$C$22)*('가정'!$D$60)*'가정'!$D$46-'가정'!$D$50*(CHOOSE('가정'!$D$7,'가정'!$D$64,'가정'!$D$66,'가정'!$D$68,'가정'!$D$70))*('가정'!$D$9)/'가정'!$D$63*(CHOOSE('가정'!$D$7,'가정'!$D$65,'가정'!$D$67,'가정'!$D$69,'가정'!$D$71))*'가정'!$D$49*(1)*'가정'!$D$46-('가정'!$D$72+'가정'!$D$73+'가정'!$D$74))))/1000000
A36: 1 | B36: =((((1)*('계산'!$C$18+'계산'!$C$19)+'계산'!$C$22)*(1+('가정'!$D$57))*'가정'!$D$46+'가정'!$D$58)*-1+PV('가정'!$D$83,'가정'!$D$84,-('가정'!$D$12*($A36)*('가정'!$D$15)*('가정'!$D$16)*('가정'!$D$9)*(INDEX('계산'!$C$13:$E$13,B$32))-((1)*'계산'!$C$18+'계산'!$C$22)*('가정'!$D$60)*'가정'!$D$46-'가정'!$D$50*(CHOOSE('가정'!$D$7,'가정'!$D$64,'가정'!$D$66,'가정'!$D$68,'가정'!$D$70))*('가정'!$D$9)/'가정'!$D$63*(CHOOSE('가정'!$D$7,'가정'!$D$65,'가정'!$D$67,'가정'!$D$69,'가정'!$D$71))*'가정'!$D$49*(1)*'가정'!$D$46-('가정'!$D$72+'가정'!$D$73+'가정'!$D$74))))/1000000 | C36: =((((1)*('계산'!$C$18+'계산'!$C$19)+'계산'!$C$22)*(1+('가정'!$D$57))*'가정'!$D$46+'가정'!$D$58)*-1+PV('가정'!$D$83,'가정'!$D$84,-('가정'!$D$12*($A36)*('가정'!$D$15)*('가정'!$D$16)*('가정'!$D$9)*(INDEX('계산'!$C$13:$E$13,C$32))-((1)*'계산'!$C$18+'계산'!$C$22)*('가정'!$D$60)*'가정'!$D$46-'가정'!$D$50*(CHOOSE('가정'!$D$7,'가정'!$D$64,'가정'!$D$66,'가정'!$D$68,'가정'!$D$70))*('가정'!$D$9)/'가정'!$D$63*(CHOOSE('가정'!$D$7,'가정'!$D$65,'가정'!$D$67,'가정'!$D$69,'가정'!$D$71))*'가정'!$D$49*(1)*'가정'!$D$46-('가정'!$D$72+'가정'!$D$73+'가정'!$D$74))))/1000000 | D36: =((((1)*('계산'!$C$18+'계산'!$C$19)+'계산'!$C$22)*(1+('가정'!$D$57))*'가정'!$D$46+'가정'!$D$58)*-1+PV('가정'!$D$83,'가정'!$D$84,-('가정'!$D$12*($A36)*('가정'!$D$15)*('가정'!$D$16)*('가정'!$D$9)*(INDEX('계산'!$C$13:$E$13,D$32))-((1)*'계산'!$C$18+'계산'!$C$22)*('가정'!$D$60)*'가정'!$D$46-'가정'!$D$50*(CHOOSE('가정'!$D$7,'가정'!$D$64,'가정'!$D$66,'가정'!$D$68,'가정'!$D$70))*('가정'!$D$9)/'가정'!$D$63*(CHOOSE('가정'!$D$7,'가정'!$D$65,'가정'!$D$67,'가정'!$D$69,'가정'!$D$71))*'가정'!$D$49*(1)*'가정'!$D$46-('가정'!$D$72+'가정'!$D$73+'가정'!$D$74))))/1000000
A37: 1.25 | B37: =((((1)*('계산'!$C$18+'계산'!$C$19)+'계산'!$C$22)*(1+('가정'!$D$57))*'가정'!$D$46+'가정'!$D$58)*-1+PV('가정'!$D$83,'가정'!$D$84,-('가정'!$D$12*($A37)*('가정'!$D$15)*('가정'!$D$16)*('가정'!$D$9)*(INDEX('계산'!$C$13:$E$13,B$32))-((1)*'계산'!$C$18+'계산'!$C$22)*('가정'!$D$60)*'가정'!$D$46-'가정'!$D$50*(CHOOSE('가정'!$D$7,'가정'!$D$64,'가정'!$D$66,'가정'!$D$68,'가정'!$D$70))*('가정'!$D$9)/'가정'!$D$63*(CHOOSE('가정'!$D$7,'가정'!$D$65,'가정'!$D$67,'가정'!$D$69,'가정'!$D$71))*'가정'!$D$49*(1)*'가정'!$D$46-('가정'!$D$72+'가정'!$D$73+'가정'!$D$74))))/1000000 | C37: =((((1)*('계산'!$C$18+'계산'!$C$19)+'계산'!$C$22)*(1+('가정'!$D$57))*'가정'!$D$46+'가정'!$D$58)*-1+PV('가정'!$D$83,'가정'!$D$84,-('가정'!$D$12*($A37)*('가정'!$D$15)*('가정'!$D$16)*('가정'!$D$9)*(INDEX('계산'!$C$13:$E$13,C$32))-((1)*'계산'!$C$18+'계산'!$C$22)*('가정'!$D$60)*'가정'!$D$46-'가정'!$D$50*(CHOOSE('가정'!$D$7,'가정'!$D$64,'가정'!$D$66,'가정'!$D$68,'가정'!$D$70))*('가정'!$D$9)/'가정'!$D$63*(CHOOSE('가정'!$D$7,'가정'!$D$65,'가정'!$D$67,'가정'!$D$69,'가정'!$D$71))*'가정'!$D$49*(1)*'가정'!$D$46-('가정'!$D$72+'가정'!$D$73+'가정'!$D$74))))/1000000 | D37: =((((1)*('계산'!$C$18+'계산'!$C$19)+'계산'!$C$22)*(1+('가정'!$D$57))*'가정'!$D$46+'가정'!$D$58)*-1+PV('가정'!$D$83,'가정'!$D$84,-('가정'!$D$12*($A37)*('가정'!$D$15)*('가정'!$D$16)*('가정'!$D$9)*(INDEX('계산'!$C$13:$E$13,D$32))-((1)*'계산'!$C$18+'계산'!$C$22)*('가정'!$D$60)*'가정'!$D$46-'가정'!$D$50*(CHOOSE('가정'!$D$7,'가정'!$D$64,'가정'!$D$66,'가정'!$D$68,'가정'!$D$70))*('가정'!$D$9)/'가정'!$D$63*(CHOOSE('가정'!$D$7,'가정'!$D$65,'가정'!$D$67,'가정'!$D$69,'가정'!$D$71))*'가정'!$D$49*(1)*'가정'!$D$46-('가정'!$D$72+'가정'!$D$73+'가정'!$D$74))))/1000000
A40: 3a. 손 교체 f x 교체당 비용 비율 - 회수 기간 (년), 2교대
A41: N(셀 합계 연 교체 횟수) = 손 개수 x f. 인건비·속도비는 선택 시나리오. Q7 표 6-2a와 같은 틀(Q7은 구 인건비 4,700만 원 기준이라 값이 다름. 구 가정 재현은 검산 시트).
A42: f (손 1개당 연 교체) \ 교체당 비용 비율 | B42: 0.1 | C42: 0.2 | D42: 0.3 | E42: 1
A43: 0 | B43: =IF(('가정'!$D$12*('가정'!$D$14)*('가정'!$D$15)*('가정'!$D$16)*(2)*('계산'!$C$14)-((1)*'계산'!$C$18+'계산'!$C$22)*('가정'!$D$60)*'가정'!$D$46-'가정'!$D$50*($A43)*(2)/'가정'!$D$63*(B$42)*'가정'!$D$49*(1)*'가정'!$D$46-('가정'!$D$72+'가정'!$D$73+'가정'!$D$74))>0,(((1)*('계산'!$C$18+'계산'!$C$19)+'계산'!$C$22)*(1+('가정'!$D$57))*'가정'!$D$46+'가정'!$D$58)/('가정'!$D$12*('가정'!$D$14)*('가정'!$D$15)*('가정'!$D$16)*(2)*('계산'!$C$14)-((1)*'계산'!$C$18+'계산'!$C$22)*('가정'!$D$60)*'가정'!$D$46-'가정'!$D$50*($A43)*(2)/'가정'!$D$63*(B$42)*'가정'!$D$49*(1)*'가정'!$D$46-('가정'!$D$72+'가정'!$D$73+'가정'!$D$74)),"회수 불가") | C43: =IF(('가정'!$D$12*('가정'!$D$14)*('가정'!$D$15)*('가정'!$D$16)*(2)*('계산'!$C$14)-((1)*'계산'!$C$18+'계산'!$C$22)*('가정'!$D$60)*'가정'!$D$46-'가정'!$D$50*($A43)*(2)/'가정'!$D$63*(C$42)*'가정'!$D$49*(1)*'가정'!$D$46-('가정'!$D$72+'가정'!$D$73+'가정'!$D$74))>0,(((1)*('계산'!$C$18+'계산'!$C$19)+'계산'!$C$22)*(1+('가정'!$D$57))*'가정'!$D$46+'가정'!$D$58)/('가정'!$D$12*('가정'!$D$14)*('가정'!$D$15)*('가정'!$D$16)*(2)*('계산'!$C$14)-((1)*'계산'!$C$18+'계산'!$C$22)*('가정'!$D$60)*'가정'!$D$46-'가정'!$D$50*($A43)*(2)/'가정'!$D$63*(C$42)*'가정'!$D$49*(1)*'가정'!$D$46-('가정'!$D$72+'가정'!$D$73+'가정'!$D$74)),"회수 불가") | D43: =IF(('가정'!$D$12*('가정'!$D$14)*('가정'!$D$15)*('가정'!$D$16)*(2)*('계산'!$C$14)-((1)*'계산'!$C$18+'계산'!$C$22)*('가정'!$D$60)*'가정'!$D$46-'가정'!$D$50*($A43)*(2)/'가정'!$D$63*(D$42)*'가정'!$D$49*(1)*'가정'!$D$46-('가정'!$D$72+'가정'!$D$73+'가정'!$D$74))>0,(((1)*('계산'!$C$18+'계산'!$C$19)+'계산'!$C$22)*(1+('가정'!$D$57))*'가정'!$D$46+'가정'!$D$58)/('가정'!$D$12*('가정'!$D$14)*('가정'!$D$15)*('가정'!$D$16)*(2)*('계산'!$C$14)-((1)*'계산'!$C$18+'계산'!$C$22)*('가정'!$D$60)*'가정'!$D$46-'가정'!$D$50*($A43)*(2)/'가정'!$D$63*(D$42)*'가정'!$D$49*(1)*'가정'!$D$46-('가정'!$D$72+'가정'!$D$73+'가정'!$D$74)),"회수 불가") | E43: =IF(('가정'!$D$12*('가정'!$D$14)*('가정'!$D$15)*('가정'!$D$16)*(2)*('계산'!$C$14)-((1)*'계산'!$C$18+'계산'!$C$22)*('가정'!$D$60)*'가정'!$D$46-'가정'!$D$50*($A43)*(2)/'가정'!$D$63*(E$42)*'가정'!$D$49*(1)*'가정'!$D$46-('가정'!$D$72+'가정'!$D$73+'가정'!$D$74))>0,(((1)*('계산'!$C$18+'계산'!$C$19)+'계산'!$C$22)*(1+('가정'!$D$57))*'가정'!$D$46+'가정'!$D$58)/('가정'!$D$12*('가정'!$D$14)*('가정'!$D$15)*('가정'!$D$16)*(2)*('계산'!$C$14)-((1)*'계산'!$C$18+'계산'!$C$22)*('가정'!$D$60)*'가정'!$D$46-'가정'!$D$50*($A43)*(2)/'가정'!$D$63*(E$42)*'가정'!$D$49*(1)*'가정'!$D$46-('가정'!$D$72+'가정'!$D$73+'가정'!$D$74)),"회수 불가")
A44: 0.5 | B44: =IF(('가정'!$D$12*('가정'!$D$14)*('가정'!$D$15)*('가정'!$D$16)*(2)*('계산'!$C$14)-((1)*'계산'!$C$18+'계산'!$C$22)*('가정'!$D$60)*'가정'!$D$46-'가정'!$D$50*($A44)*(2)/'가정'!$D$63*(B$42)*'가정'!$D$49*(1)*'가정'!$D$46-('가정'!$D$72+'가정'!$D$73+'가정'!$D$74))>0,(((1)*('계산'!$C$18+'계산'!$C$19)+'계산'!$C$22)*(1+('가정'!$D$57))*'가정'!$D$46+'가정'!$D$58)/('가정'!$D$12*('가정'!$D$14)*('가정'!$D$15)*('가정'!$D$16)*(2)*('계산'!$C$14)-((1)*'계산'!$C$18+'계산'!$C$22)*('가정'!$D$60)*'가정'!$D$46-'가정'!$D$50*($A44)*(2)/'가정'!$D$63*(B$42)*'가정'!$D$49*(1)*'가정'!$D$46-('가정'!$D$72+'가정'!$D$73+'가정'!$D$74)),"회수 불가") | C44: =IF(('가정'!$D$12*('가정'!$D$14)*('가정'!$D$15)*('가정'!$D$16)*(2)*('계산'!$C$14)-((1)*'계산'!$C$18+'계산'!$C$22)*('가정'!$D$60)*'가정'!$D$46-'가정'!$D$50*($A44)*(2)/'가정'!$D$63*(C$42)*'가정'!$D$49*(1)*'가정'!$D$46-('가정'!$D$72+'가정'!$D$73+'가정'!$D$74))>0,(((1)*('계산'!$C$18+'계산'!$C$19)+'계산'!$C$22)*(1+('가정'!$D$57))*'가정'!$D$46+'가정'!$D$58)/('가정'!$D$12*('가정'!$D$14)*('가정'!$D$15)*('가정'!$D$16)*(2)*('계산'!$C$14)-((1)*'계산'!$C$18+'계산'!$C$22)*('가정'!$D$60)*'가정'!$D$46-'가정'!$D$50*($A44)*(2)/'가정'!$D$63*(C$42)*'가정'!$D$49*(1)*'가정'!$D$46-('가정'!$D$72+'가정'!$D$73+'가정'!$D$74)),"회수 불가") | D44: =IF(('가정'!$D$12*('가정'!$D$14)*('가정'!$D$15)*('가정'!$D$16)*(2)*('계산'!$C$14)-((1)*'계산'!$C$18+'계산'!$C$22)*('가정'!$D$60)*'가정'!$D$46-'가정'!$D$50*($A44)*(2)/'가정'!$D$63*(D$42)*'가정'!$D$49*(1)*'가정'!$D$46-('가정'!$D$72+'가정'!$D$73+'가정'!$D$74))>0,(((1)*('계산'!$C$18+'계산'!$C$19)+'계산'!$C$22)*(1+('가정'!$D$57))*'가정'!$D$46+'가정'!$D$58)/('가정'!$D$12*('가정'!$D$14)*('가정'!$D$15)*('가정'!$D$16)*(2)*('계산'!$C$14)-((1)*'계산'!$C$18+'계산'!$C$22)*('가정'!$D$60)*'가정'!$D$46-'가정'!$D$50*($A44)*(2)/'가정'!$D$63*(D$42)*'가정'!$D$49*(1)*'가정'!$D$46-('가정'!$D$72+'가정'!$D$73+'가정'!$D$74)),"회수 불가") | E44: =IF(('가정'!$D$12*('가정'!$D$14)*('가정'!$D$15)*('가정'!$D$16)*(2)*('계산'!$C$14)-((1)*'계산'!$C$18+'계산'!$C$22)*('가정'!$D$60)*'가정'!$D$46-'가정'!$D$50*($A44)*(2)/'가정'!$D$63*(E$42)*'가정'!$D$49*(1)*'가정'!$D$46-('가정'!$D$72+'가정'!$D$73+'가정'!$D$74))>0,(((1)*('계산'!$C$18+'계산'!$C$19)+'계산'!$C$22)*(1+('가정'!$D$57))*'가정'!$D$46+'가정'!$D$58)/('가정'!$D$12*('가정'!$D$14)*('가정'!$D$15)*('가정'!$D$16)*(2)*('계산'!$C$14)-((1)*'계산'!$C$18+'계산'!$C$22)*('가정'!$D$60)*'가정'!$D$46-'가정'!$D$50*($A44)*(2)/'가정'!$D$63*(E$42)*'가정'!$D$49*(1)*'가정'!$D$46-('가정'!$D$72+'가정'!$D$73+'가정'!$D$74)),"회수 불가")
A45: 1 | B45: =IF(('가정'!$D$12*('가정'!$D$14)*('가정'!$D$15)*('가정'!$D$16)*(2)*('계산'!$C$14)-((1)*'계산'!$C$18+'계산'!$C$22)*('가정'!$D$60)*'가정'!$D$46-'가정'!$D$50*($A45)*(2)/'가정'!$D$63*(B$42)*'가정'!$D$49*(1)*'가정'!$D$46-('가정'!$D$72+'가정'!$D$73+'가정'!$D$74))>0,(((1)*('계산'!$C$18+'계산'!$C$19)+'계산'!$C$22)*(1+('가정'!$D$57))*'가정'!$D$46+'가정'!$D$58)/('가정'!$D$12*('가정'!$D$14)*('가정'!$D$15)*('가정'!$D$16)*(2)*('계산'!$C$14)-((1)*'계산'!$C$18+'계산'!$C$22)*('가정'!$D$60)*'가정'!$D$46-'가정'!$D$50*($A45)*(2)/'가정'!$D$63*(B$42)*'가정'!$D$49*(1)*'가정'!$D$46-('가정'!$D$72+'가정'!$D$73+'가정'!$D$74)),"회수 불가") | C45: =IF(('가정'!$D$12*('가정'!$D$14)*('가정'!$D$15)*('가정'!$D$16)*(2)*('계산'!$C$14)-((1)*'계산'!$C$18+'계산'!$C$22)*('가정'!$D$60)*'가정'!$D$46-'가정'!$D$50*($A45)*(2)/'가정'!$D$63*(C$42)*'가정'!$D$49*(1)*'가정'!$D$46-('가정'!$D$72+'가정'!$D$73+'가정'!$D$74))>0,(((1)*('계산'!$C$18+'계산'!$C$19)+'계산'!$C$22)*(1+('가정'!$D$57))*'가정'!$D$46+'가정'!$D$58)/('가정'!$D$12*('가정'!$D$14)*('가정'!$D$15)*('가정'!$D$16)*(2)*('계산'!$C$14)-((1)*'계산'!$C$18+'계산'!$C$22)*('가정'!$D$60)*'가정'!$D$46-'가정'!$D$50*($A45)*(2)/'가정'!$D$63*(C$42)*'가정'!$D$49*(1)*'가정'!$D$46-('가정'!$D$72+'가정'!$D$73+'가정'!$D$74)),"회수 불가") | D45: =IF(('가정'!$D$12*('가정'!$D$14)*('가정'!$D$15)*('가정'!$D$16)*(2)*('계산'!$C$14)-((1)*'계산'!$C$18+'계산'!$C$22)*('가정'!$D$60)*'가정'!$D$46-'가정'!$D$50*($A45)*(2)/'가정'!$D$63*(D$42)*'가정'!$D$49*(1)*'가정'!$D$46-('가정'!$D$72+'가정'!$D$73+'가정'!$D$74))>0,(((1)*('계산'!$C$18+'계산'!$C$19)+'계산'!$C$22)*(1+('가정'!$D$57))*'가정'!$D$46+'가정'!$D$58)/('가정'!$D$12*('가정'!$D$14)*('가정'!$D$15)*('가정'!$D$16)*(2)*('계산'!$C$14)-((1)*'계산'!$C$18+'계산'!$C$22)*('가정'!$D$60)*'가정'!$D$46-'가정'!$D$50*($A45)*(2)/'가정'!$D$63*(D$42)*'가정'!$D$49*(1)*'가정'!$D$46-('가정'!$D$72+'가정'!$D$73+'가정'!$D$74)),"회수 불가") | E45: =IF(('가정'!$D$12*('가정'!$D$14)*('가정'!$D$15)*('가정'!$D$16)*(2)*('계산'!$C$14)-((1)*'계산'!$C$18+'계산'!$C$22)*('가정'!$D$60)*'가정'!$D$46-'가정'!$D$50*($A45)*(2)/'가정'!$D$63*(E$42)*'가정'!$D$49*(1)*'가정'!$D$46-('가정'!$D$72+'가정'!$D$73+'가정'!$D$74))>0,(((1)*('계산'!$C$18+'계산'!$C$19)+'계산'!$C$22)*(1+('가정'!$D$57))*'가정'!$D$46+'가정'!$D$58)/('가정'!$D$12*('가정'!$D$14)*('가정'!$D$15)*('가정'!$D$16)*(2)*('계산'!$C$14)-((1)*'계산'!$C$18+'계산'!$C$22)*('가정'!$D$60)*'가정'!$D$46-'가정'!$D$50*($A45)*(2)/'가정'!$D$63*(E$42)*'가정'!$D$49*(1)*'가정'!$D$46-('가정'!$D$72+'가정'!$D$73+'가정'!$D$74)),"회수 불가")
A46: 2 | B46: =IF(('가정'!$D$12*('가정'!$D$14)*('가정'!$D$15)*('가정'!$D$16)*(2)*('계산'!$C$14)-((1)*'계산'!$C$18+'계산'!$C$22)*('가정'!$D$60)*'가정'!$D$46-'가정'!$D$50*($A46)*(2)/'가정'!$D$63*(B$42)*'가정'!$D$49*(1)*'가정'!$D$46-('가정'!$D$72+'가정'!$D$73+'가정'!$D$74))>0,(((1)*('계산'!$C$18+'계산'!$C$19)+'계산'!$C$22)*(1+('가정'!$D$57))*'가정'!$D$46+'가정'!$D$58)/('가정'!$D$12*('가정'!$D$14)*('가정'!$D$15)*('가정'!$D$16)*(2)*('계산'!$C$14)-((1)*'계산'!$C$18+'계산'!$C$22)*('가정'!$D$60)*'가정'!$D$46-'가정'!$D$50*($A46)*(2)/'가정'!$D$63*(B$42)*'가정'!$D$49*(1)*'가정'!$D$46-('가정'!$D$72+'가정'!$D$73+'가정'!$D$74)),"회수 불가") | C46: =IF(('가정'!$D$12*('가정'!$D$14)*('가정'!$D$15)*('가정'!$D$16)*(2)*('계산'!$C$14)-((1)*'계산'!$C$18+'계산'!$C$22)*('가정'!$D$60)*'가정'!$D$46-'가정'!$D$50*($A46)*(2)/'가정'!$D$63*(C$42)*'가정'!$D$49*(1)*'가정'!$D$46-('가정'!$D$72+'가정'!$D$73+'가정'!$D$74))>0,(((1)*('계산'!$C$18+'계산'!$C$19)+'계산'!$C$22)*(1+('가정'!$D$57))*'가정'!$D$46+'가정'!$D$58)/('가정'!$D$12*('가정'!$D$14)*('가정'!$D$15)*('가정'!$D$16)*(2)*('계산'!$C$14)-((1)*'계산'!$C$18+'계산'!$C$22)*('가정'!$D$60)*'가정'!$D$46-'가정'!$D$50*($A46)*(2)/'가정'!$D$63*(C$42)*'가정'!$D$49*(1)*'가정'!$D$46-('가정'!$D$72+'가정'!$D$73+'가정'!$D$74)),"회수 불가") | D46: =IF(('가정'!$D$12*('가정'!$D$14)*('가정'!$D$15)*('가정'!$D$16)*(2)*('계산'!$C$14)-((1)*'계산'!$C$18+'계산'!$C$22)*('가정'!$D$60)*'가정'!$D$46-'가정'!$D$50*($A46)*(2)/'가정'!$D$63*(D$42)*'가정'!$D$49*(1)*'가정'!$D$46-('가정'!$D$72+'가정'!$D$73+'가정'!$D$74))>0,(((1)*('계산'!$C$18+'계산'!$C$19)+'계산'!$C$22)*(1+('가정'!$D$57))*'가정'!$D$46+'가정'!$D$58)/('가정'!$D$12*('가정'!$D$14)*('가정'!$D$15)*('가정'!$D$16)*(2)*('계산'!$C$14)-((1)*'계산'!$C$18+'계산'!$C$22)*('가정'!$D$60)*'가정'!$D$46-'가정'!$D$50*($A46)*(2)/'가정'!$D$63*(D$42)*'가정'!$D$49*(1)*'가정'!$D$46-('가정'!$D$72+'가정'!$D$73+'가정'!$D$74)),"회수 불가") | E46: =IF(('가정'!$D$12*('가정'!$D$14)*('가정'!$D$15)*('가정'!$D$16)*(2)*('계산'!$C$14)-((1)*'계산'!$C$18+'계산'!$C$22)*('가정'!$D$60)*'가정'!$D$46-'가정'!$D$50*($A46)*(2)/'가정'!$D$63*(E$42)*'가정'!$D$49*(1)*'가정'!$D$46-('가정'!$D$72+'가정'!$D$73+'가정'!$D$74))>0,(((1)*('계산'!$C$18+'계산'!$C$19)+'계산'!$C$22)*(1+('가정'!$D$57))*'가정'!$D$46+'가정'!$D$58)/('가정'!$D$12*('가정'!$D$14)*('가정'!$D$15)*('가정'!$D$16)*(2)*('계산'!$C$14)-((1)*'계산'!$C$18+'계산'!$C$22)*('가정'!$D$60)*'가정'!$D$46-'가정'!$D$50*($A46)*(2)/'가정'!$D$63*(E$42)*'가정'!$D$49*(1)*'가정'!$D$46-('가정'!$D$72+'가정'!$D$73+'가정'!$D$74)),"회수 불가")
A47: 3 | B47: =IF(('가정'!$D$12*('가정'!$D$14)*('가정'!$D$15)*('가정'!$D$16)*(2)*('계산'!$C$14)-((1)*'계산'!$C$18+'계산'!$C$22)*('가정'!$D$60)*'가정'!$D$46-'가정'!$D$50*($A47)*(2)/'가정'!$D$63*(B$42)*'가정'!$D$49*(1)*'가정'!$D$46-('가정'!$D$72+'가정'!$D$73+'가정'!$D$74))>0,(((1)*('계산'!$C$18+'계산'!$C$19)+'계산'!$C$22)*(1+('가정'!$D$57))*'가정'!$D$46+'가정'!$D$58)/('가정'!$D$12*('가정'!$D$14)*('가정'!$D$15)*('가정'!$D$16)*(2)*('계산'!$C$14)-((1)*'계산'!$C$18+'계산'!$C$22)*('가정'!$D$60)*'가정'!$D$46-'가정'!$D$50*($A47)*(2)/'가정'!$D$63*(B$42)*'가정'!$D$49*(1)*'가정'!$D$46-('가정'!$D$72+'가정'!$D$73+'가정'!$D$74)),"회수 불가") | C47: =IF(('가정'!$D$12*('가정'!$D$14)*('가정'!$D$15)*('가정'!$D$16)*(2)*('계산'!$C$14)-((1)*'계산'!$C$18+'계산'!$C$22)*('가정'!$D$60)*'가정'!$D$46-'가정'!$D$50*($A47)*(2)/'가정'!$D$63*(C$42)*'가정'!$D$49*(1)*'가정'!$D$46-('가정'!$D$72+'가정'!$D$73+'가정'!$D$74))>0,(((1)*('계산'!$C$18+'계산'!$C$19)+'계산'!$C$22)*(1+('가정'!$D$57))*'가정'!$D$46+'가정'!$D$58)/('가정'!$D$12*('가정'!$D$14)*('가정'!$D$15)*('가정'!$D$16)*(2)*('계산'!$C$14)-((1)*'계산'!$C$18+'계산'!$C$22)*('가정'!$D$60)*'가정'!$D$46-'가정'!$D$50*($A47)*(2)/'가정'!$D$63*(C$42)*'가정'!$D$49*(1)*'가정'!$D$46-('가정'!$D$72+'가정'!$D$73+'가정'!$D$74)),"회수 불가") | D47: =IF(('가정'!$D$12*('가정'!$D$14)*('가정'!$D$15)*('가정'!$D$16)*(2)*('계산'!$C$14)-((1)*'계산'!$C$18+'계산'!$C$22)*('가정'!$D$60)*'가정'!$D$46-'가정'!$D$50*($A47)*(2)/'가정'!$D$63*(D$42)*'가정'!$D$49*(1)*'가정'!$D$46-('가정'!$D$72+'가정'!$D$73+'가정'!$D$74))>0,(((1)*('계산'!$C$18+'계산'!$C$19)+'계산'!$C$22)*(1+('가정'!$D$57))*'가정'!$D$46+'가정'!$D$58)/('가정'!$D$12*('가정'!$D$14)*('가정'!$D$15)*('가정'!$D$16)*(2)*('계산'!$C$14)-((1)*'계산'!$C$18+'계산'!$C$22)*('가정'!$D$60)*'가정'!$D$46-'가정'!$D$50*($A47)*(2)/'가정'!$D$63*(D$42)*'가정'!$D$49*(1)*'가정'!$D$46-('가정'!$D$72+'가정'!$D$73+'가정'!$D$74)),"회수 불가") | E47: =IF(('가정'!$D$12*('가정'!$D$14)*('가정'!$D$15)*('가정'!$D$16)*(2)*('계산'!$C$14)-((1)*'계산'!$C$18+'계산'!$C$22)*('가정'!$D$60)*'가정'!$D$46-'가정'!$D$50*($A47)*(2)/'가정'!$D$63*(E$42)*'가정'!$D$49*(1)*'가정'!$D$46-('가정'!$D$72+'가정'!$D$73+'가정'!$D$74))>0,(((1)*('계산'!$C$18+'계산'!$C$19)+'계산'!$C$22)*(1+('가정'!$D$57))*'가정'!$D$46+'가정'!$D$58)/('가정'!$D$12*('가정'!$D$14)*('가정'!$D$15)*('가정'!$D$16)*(2)*('계산'!$C$14)-((1)*'계산'!$C$18+'계산'!$C$22)*('가정'!$D$60)*'가정'!$D$46-'가정'!$D$50*($A47)*(2)/'가정'!$D$63*(E$42)*'가정'!$D$49*(1)*'가정'!$D$46-('가정'!$D$72+'가정'!$D$73+'가정'!$D$74)),"회수 불가")
A50: 3b. 손 교체 f x 교체당 비용 비율 - 회수 기간 (년), 3교대 (손 가동 1.5배, 실질 N x 1.5)
A51: f (2교대 기준) \ 교체당 비용 비율 | B51: 0.1 | C51: 0.2 | D51: 0.3 | E51: 1
A52: 0 | B52: =IF(('가정'!$D$12*('가정'!$D$14)*('가정'!$D$15)*('가정'!$D$16)*(3)*('계산'!$C$14)-((1)*'계산'!$C$18+'계산'!$C$22)*('가정'!$D$60)*'가정'!$D$46-'가정'!$D$50*($A52)*(3)/'가정'!$D$63*(B$51)*'가정'!$D$49*(1)*'가정'!$D$46-('가정'!$D$72+'가정'!$D$73+'가정'!$D$74))>0,(((1)*('계산'!$C$18+'계산'!$C$19)+'계산'!$C$22)*(1+('가정'!$D$57))*'가정'!$D$46+'가정'!$D$58)/('가정'!$D$12*('가정'!$D$14)*('가정'!$D$15)*('가정'!$D$16)*(3)*('계산'!$C$14)-((1)*'계산'!$C$18+'계산'!$C$22)*('가정'!$D$60)*'가정'!$D$46-'가정'!$D$50*($A52)*(3)/'가정'!$D$63*(B$51)*'가정'!$D$49*(1)*'가정'!$D$46-('가정'!$D$72+'가정'!$D$73+'가정'!$D$74)),"회수 불가") | C52: =IF(('가정'!$D$12*('가정'!$D$14)*('가정'!$D$15)*('가정'!$D$16)*(3)*('계산'!$C$14)-((1)*'계산'!$C$18+'계산'!$C$22)*('가정'!$D$60)*'가정'!$D$46-'가정'!$D$50*($A52)*(3)/'가정'!$D$63*(C$51)*'가정'!$D$49*(1)*'가정'!$D$46-('가정'!$D$72+'가정'!$D$73+'가정'!$D$74))>0,(((1)*('계산'!$C$18+'계산'!$C$19)+'계산'!$C$22)*(1+('가정'!$D$57))*'가정'!$D$46+'가정'!$D$58)/('가정'!$D$12*('가정'!$D$14)*('가정'!$D$15)*('가정'!$D$16)*(3)*('계산'!$C$14)-((1)*'계산'!$C$18+'계산'!$C$22)*('가정'!$D$60)*'가정'!$D$46-'가정'!$D$50*($A52)*(3)/'가정'!$D$63*(C$51)*'가정'!$D$49*(1)*'가정'!$D$46-('가정'!$D$72+'가정'!$D$73+'가정'!$D$74)),"회수 불가") | D52: =IF(('가정'!$D$12*('가정'!$D$14)*('가정'!$D$15)*('가정'!$D$16)*(3)*('계산'!$C$14)-((1)*'계산'!$C$18+'계산'!$C$22)*('가정'!$D$60)*'가정'!$D$46-'가정'!$D$50*($A52)*(3)/'가정'!$D$63*(D$51)*'가정'!$D$49*(1)*'가정'!$D$46-('가정'!$D$72+'가정'!$D$73+'가정'!$D$74))>0,(((1)*('계산'!$C$18+'계산'!$C$19)+'계산'!$C$22)*(1+('가정'!$D$57))*'가정'!$D$46+'가정'!$D$58)/('가정'!$D$12*('가정'!$D$14)*('가정'!$D$15)*('가정'!$D$16)*(3)*('계산'!$C$14)-((1)*'계산'!$C$18+'계산'!$C$22)*('가정'!$D$60)*'가정'!$D$46-'가정'!$D$50*($A52)*(3)/'가정'!$D$63*(D$51)*'가정'!$D$49*(1)*'가정'!$D$46-('가정'!$D$72+'가정'!$D$73+'가정'!$D$74)),"회수 불가") | E52: =IF(('가정'!$D$12*('가정'!$D$14)*('가정'!$D$15)*('가정'!$D$16)*(3)*('계산'!$C$14)-((1)*'계산'!$C$18+'계산'!$C$22)*('가정'!$D$60)*'가정'!$D$46-'가정'!$D$50*($A52)*(3)/'가정'!$D$63*(E$51)*'가정'!$D$49*(1)*'가정'!$D$46-('가정'!$D$72+'가정'!$D$73+'가정'!$D$74))>0,(((1)*('계산'!$C$18+'계산'!$C$19)+'계산'!$C$22)*(1+('가정'!$D$57))*'가정'!$D$46+'가정'!$D$58)/('가정'!$D$12*('가정'!$D$14)*('가정'!$D$15)*('가정'!$D$16)*(3)*('계산'!$C$14)-((1)*'계산'!$C$18+'계산'!$C$22)*('가정'!$D$60)*'가정'!$D$46-'가정'!$D$50*($A52)*(3)/'가정'!$D$63*(E$51)*'가정'!$D$49*(1)*'가정'!$D$46-('가정'!$D$72+'가정'!$D$73+'가정'!$D$74)),"회수 불가")
A53: 0.5 | B53: =IF(('가정'!$D$12*('가정'!$D$14)*('가정'!$D$15)*('가정'!$D$16)*(3)*('계산'!$C$14)-((1)*'계산'!$C$18+'계산'!$C$22)*('가정'!$D$60)*'가정'!$D$46-'가정'!$D$50*($A53)*(3)/'가정'!$D$63*(B$51)*'가정'!$D$49*(1)*'가정'!$D$46-('가정'!$D$72+'가정'!$D$73+'가정'!$D$74))>0,(((1)*('계산'!$C$18+'계산'!$C$19)+'계산'!$C$22)*(1+('가정'!$D$57))*'가정'!$D$46+'가정'!$D$58)/('가정'!$D$12*('가정'!$D$14)*('가정'!$D$15)*('가정'!$D$16)*(3)*('계산'!$C$14)-((1)*'계산'!$C$18+'계산'!$C$22)*('가정'!$D$60)*'가정'!$D$46-'가정'!$D$50*($A53)*(3)/'가정'!$D$63*(B$51)*'가정'!$D$49*(1)*'가정'!$D$46-('가정'!$D$72+'가정'!$D$73+'가정'!$D$74)),"회수 불가") | C53: =IF(('가정'!$D$12*('가정'!$D$14)*('가정'!$D$15)*('가정'!$D$16)*(3)*('계산'!$C$14)-((1)*'계산'!$C$18+'계산'!$C$22)*('가정'!$D$60)*'가정'!$D$46-'가정'!$D$50*($A53)*(3)/'가정'!$D$63*(C$51)*'가정'!$D$49*(1)*'가정'!$D$46-('가정'!$D$72+'가정'!$D$73+'가정'!$D$74))>0,(((1)*('계산'!$C$18+'계산'!$C$19)+'계산'!$C$22)*(1+('가정'!$D$57))*'가정'!$D$46+'가정'!$D$58)/('가정'!$D$12*('가정'!$D$14)*('가정'!$D$15)*('가정'!$D$16)*(3)*('계산'!$C$14)-((1)*'계산'!$C$18+'계산'!$C$22)*('가정'!$D$60)*'가정'!$D$46-'가정'!$D$50*($A53)*(3)/'가정'!$D$63*(C$51)*'가정'!$D$49*(1)*'가정'!$D$46-('가정'!$D$72+'가정'!$D$73+'가정'!$D$74)),"회수 불가") | D53: =IF(('가정'!$D$12*('가정'!$D$14)*('가정'!$D$15)*('가정'!$D$16)*(3)*('계산'!$C$14)-((1)*'계산'!$C$18+'계산'!$C$22)*('가정'!$D$60)*'가정'!$D$46-'가정'!$D$50*($A53)*(3)/'가정'!$D$63*(D$51)*'가정'!$D$49*(1)*'가정'!$D$46-('가정'!$D$72+'가정'!$D$73+'가정'!$D$74))>0,(((1)*('계산'!$C$18+'계산'!$C$19)+'계산'!$C$22)*(1+('가정'!$D$57))*'가정'!$D$46+'가정'!$D$58)/('가정'!$D$12*('가정'!$D$14)*('가정'!$D$15)*('가정'!$D$16)*(3)*('계산'!$C$14)-((1)*'계산'!$C$18+'계산'!$C$22)*('가정'!$D$60)*'가정'!$D$46-'가정'!$D$50*($A53)*(3)/'가정'!$D$63*(D$51)*'가정'!$D$49*(1)*'가정'!$D$46-('가정'!$D$72+'가정'!$D$73+'가정'!$D$74)),"회수 불가") | E53: =IF(('가정'!$D$12*('가정'!$D$14)*('가정'!$D$15)*('가정'!$D$16)*(3)*('계산'!$C$14)-((1)*'계산'!$C$18+'계산'!$C$22)*('가정'!$D$60)*'가정'!$D$46-'가정'!$D$50*($A53)*(3)/'가정'!$D$63*(E$51)*'가정'!$D$49*(1)*'가정'!$D$46-('가정'!$D$72+'가정'!$D$73+'가정'!$D$74))>0,(((1)*('계산'!$C$18+'계산'!$C$19)+'계산'!$C$22)*(1+('가정'!$D$57))*'가정'!$D$46+'가정'!$D$58)/('가정'!$D$12*('가정'!$D$14)*('가정'!$D$15)*('가정'!$D$16)*(3)*('계산'!$C$14)-((1)*'계산'!$C$18+'계산'!$C$22)*('가정'!$D$60)*'가정'!$D$46-'가정'!$D$50*($A53)*(3)/'가정'!$D$63*(E$51)*'가정'!$D$49*(1)*'가정'!$D$46-('가정'!$D$72+'가정'!$D$73+'가정'!$D$74)),"회수 불가")
A54: 1 | B54: =IF(('가정'!$D$12*('가정'!$D$14)*('가정'!$D$15)*('가정'!$D$16)*(3)*('계산'!$C$14)-((1)*'계산'!$C$18+'계산'!$C$22)*('가정'!$D$60)*'가정'!$D$46-'가정'!$D$50*($A54)*(3)/'가정'!$D$63*(B$51)*'가정'!$D$49*(1)*'가정'!$D$46-('가정'!$D$72+'가정'!$D$73+'가정'!$D$74))>0,(((1)*('계산'!$C$18+'계산'!$C$19)+'계산'!$C$22)*(1+('가정'!$D$57))*'가정'!$D$46+'가정'!$D$58)/('가정'!$D$12*('가정'!$D$14)*('가정'!$D$15)*('가정'!$D$16)*(3)*('계산'!$C$14)-((1)*'계산'!$C$18+'계산'!$C$22)*('가정'!$D$60)*'가정'!$D$46-'가정'!$D$50*($A54)*(3)/'가정'!$D$63*(B$51)*'가정'!$D$49*(1)*'가정'!$D$46-('가정'!$D$72+'가정'!$D$73+'가정'!$D$74)),"회수 불가") | C54: =IF(('가정'!$D$12*('가정'!$D$14)*('가정'!$D$15)*('가정'!$D$16)*(3)*('계산'!$C$14)-((1)*'계산'!$C$18+'계산'!$C$22)*('가정'!$D$60)*'가정'!$D$46-'가정'!$D$50*($A54)*(3)/'가정'!$D$63*(C$51)*'가정'!$D$49*(1)*'가정'!$D$46-('가정'!$D$72+'가정'!$D$73+'가정'!$D$74))>0,(((1)*('계산'!$C$18+'계산'!$C$19)+'계산'!$C$22)*(1+('가정'!$D$57))*'가정'!$D$46+'가정'!$D$58)/('가정'!$D$12*('가정'!$D$14)*('가정'!$D$15)*('가정'!$D$16)*(3)*('계산'!$C$14)-((1)*'계산'!$C$18+'계산'!$C$22)*('가정'!$D$60)*'가정'!$D$46-'가정'!$D$50*($A54)*(3)/'가정'!$D$63*(C$51)*'가정'!$D$49*(1)*'가정'!$D$46-('가정'!$D$72+'가정'!$D$73+'가정'!$D$74)),"회수 불가") | D54: =IF(('가정'!$D$12*('가정'!$D$14)*('가정'!$D$15)*('가정'!$D$16)*(3)*('계산'!$C$14)-((1)*'계산'!$C$18+'계산'!$C$22)*('가정'!$D$60)*'가정'!$D$46-'가정'!$D$50*($A54)*(3)/'가정'!$D$63*(D$51)*'가정'!$D$49*(1)*'가정'!$D$46-('가정'!$D$72+'가정'!$D$73+'가정'!$D$74))>0,(((1)*('계산'!$C$18+'계산'!$C$19)+'계산'!$C$22)*(1+('가정'!$D$57))*'가정'!$D$46+'가정'!$D$58)/('가정'!$D$12*('가정'!$D$14)*('가정'!$D$15)*('가정'!$D$16)*(3)*('계산'!$C$14)-((1)*'계산'!$C$18+'계산'!$C$22)*('가정'!$D$60)*'가정'!$D$46-'가정'!$D$50*($A54)*(3)/'가정'!$D$63*(D$51)*'가정'!$D$49*(1)*'가정'!$D$46-('가정'!$D$72+'가정'!$D$73+'가정'!$D$74)),"회수 불가") | E54: =IF(('가정'!$D$12*('가정'!$D$14)*('가정'!$D$15)*('가정'!$D$16)*(3)*('계산'!$C$14)-((1)*'계산'!$C$18+'계산'!$C$22)*('가정'!$D$60)*'가정'!$D$46-'가정'!$D$50*($A54)*(3)/'가정'!$D$63*(E$51)*'가정'!$D$49*(1)*'가정'!$D$46-('가정'!$D$72+'가정'!$D$73+'가정'!$D$74))>0,(((1)*('계산'!$C$18+'계산'!$C$19)+'계산'!$C$22)*(1+('가정'!$D$57))*'가정'!$D$46+'가정'!$D$58)/('가정'!$D$12*('가정'!$D$14)*('가정'!$D$15)*('가정'!$D$16)*(3)*('계산'!$C$14)-((1)*'계산'!$C$18+'계산'!$C$22)*('가정'!$D$60)*'가정'!$D$46-'가정'!$D$50*($A54)*(3)/'가정'!$D$63*(E$51)*'가정'!$D$49*(1)*'가정'!$D$46-('가정'!$D$72+'가정'!$D$73+'가정'!$D$74)),"회수 불가")
A55: 2 | B55: =IF(('가정'!$D$12*('가정'!$D$14)*('가정'!$D$15)*('가정'!$D$16)*(3)*('계산'!$C$14)-((1)*'계산'!$C$18+'계산'!$C$22)*('가정'!$D$60)*'가정'!$D$46-'가정'!$D$50*($A55)*(3)/'가정'!$D$63*(B$51)*'가정'!$D$49*(1)*'가정'!$D$46-('가정'!$D$72+'가정'!$D$73+'가정'!$D$74))>0,(((1)*('계산'!$C$18+'계산'!$C$19)+'계산'!$C$22)*(1+('가정'!$D$57))*'가정'!$D$46+'가정'!$D$58)/('가정'!$D$12*('가정'!$D$14)*('가정'!$D$15)*('가정'!$D$16)*(3)*('계산'!$C$14)-((1)*'계산'!$C$18+'계산'!$C$22)*('가정'!$D$60)*'가정'!$D$46-'가정'!$D$50*($A55)*(3)/'가정'!$D$63*(B$51)*'가정'!$D$49*(1)*'가정'!$D$46-('가정'!$D$72+'가정'!$D$73+'가정'!$D$74)),"회수 불가") | C55: =IF(('가정'!$D$12*('가정'!$D$14)*('가정'!$D$15)*('가정'!$D$16)*(3)*('계산'!$C$14)-((1)*'계산'!$C$18+'계산'!$C$22)*('가정'!$D$60)*'가정'!$D$46-'가정'!$D$50*($A55)*(3)/'가정'!$D$63*(C$51)*'가정'!$D$49*(1)*'가정'!$D$46-('가정'!$D$72+'가정'!$D$73+'가정'!$D$74))>0,(((1)*('계산'!$C$18+'계산'!$C$19)+'계산'!$C$22)*(1+('가정'!$D$57))*'가정'!$D$46+'가정'!$D$58)/('가정'!$D$12*('가정'!$D$14)*('가정'!$D$15)*('가정'!$D$16)*(3)*('계산'!$C$14)-((1)*'계산'!$C$18+'계산'!$C$22)*('가정'!$D$60)*'가정'!$D$46-'가정'!$D$50*($A55)*(3)/'가정'!$D$63*(C$51)*'가정'!$D$49*(1)*'가정'!$D$46-('가정'!$D$72+'가정'!$D$73+'가정'!$D$74)),"회수 불가") | D55: =IF(('가정'!$D$12*('가정'!$D$14)*('가정'!$D$15)*('가정'!$D$16)*(3)*('계산'!$C$14)-((1)*'계산'!$C$18+'계산'!$C$22)*('가정'!$D$60)*'가정'!$D$46-'가정'!$D$50*($A55)*(3)/'가정'!$D$63*(D$51)*'가정'!$D$49*(1)*'가정'!$D$46-('가정'!$D$72+'가정'!$D$73+'가정'!$D$74))>0,(((1)*('계산'!$C$18+'계산'!$C$19)+'계산'!$C$22)*(1+('가정'!$D$57))*'가정'!$D$46+'가정'!$D$58)/('가정'!$D$12*('가정'!$D$14)*('가정'!$D$15)*('가정'!$D$16)*(3)*('계산'!$C$14)-((1)*'계산'!$C$18+'계산'!$C$22)*('가정'!$D$60)*'가정'!$D$46-'가정'!$D$50*($A55)*(3)/'가정'!$D$63*(D$51)*'가정'!$D$49*(1)*'가정'!$D$46-('가정'!$D$72+'가정'!$D$73+'가정'!$D$74)),"회수 불가") | E55: =IF(('가정'!$D$12*('가정'!$D$14)*('가정'!$D$15)*('가정'!$D$16)*(3)*('계산'!$C$14)-((1)*'계산'!$C$18+'계산'!$C$22)*('가정'!$D$60)*'가정'!$D$46-'가정'!$D$50*($A55)*(3)/'가정'!$D$63*(E$51)*'가정'!$D$49*(1)*'가정'!$D$46-('가정'!$D$72+'가정'!$D$73+'가정'!$D$74))>0,(((1)*('계산'!$C$18+'계산'!$C$19)+'계산'!$C$22)*(1+('가정'!$D$57))*'가정'!$D$46+'가정'!$D$58)/('가정'!$D$12*('가정'!$D$14)*('가정'!$D$15)*('가정'!$D$16)*(3)*('계산'!$C$14)-((1)*'계산'!$C$18+'계산'!$C$22)*('가정'!$D$60)*'가정'!$D$46-'가정'!$D$50*($A55)*(3)/'가정'!$D$63*(E$51)*'가정'!$D$49*(1)*'가정'!$D$46-('가정'!$D$72+'가정'!$D$73+'가정'!$D$74)),"회수 불가")
A56: 3 | B56: =IF(('가정'!$D$12*('가정'!$D$14)*('가정'!$D$15)*('가정'!$D$16)*(3)*('계산'!$C$14)-((1)*'계산'!$C$18+'계산'!$C$22)*('가정'!$D$60)*'가정'!$D$46-'가정'!$D$50*($A56)*(3)/'가정'!$D$63*(B$51)*'가정'!$D$49*(1)*'가정'!$D$46-('가정'!$D$72+'가정'!$D$73+'가정'!$D$74))>0,(((1)*('계산'!$C$18+'계산'!$C$19)+'계산'!$C$22)*(1+('가정'!$D$57))*'가정'!$D$46+'가정'!$D$58)/('가정'!$D$12*('가정'!$D$14)*('가정'!$D$15)*('가정'!$D$16)*(3)*('계산'!$C$14)-((1)*'계산'!$C$18+'계산'!$C$22)*('가정'!$D$60)*'가정'!$D$46-'가정'!$D$50*($A56)*(3)/'가정'!$D$63*(B$51)*'가정'!$D$49*(1)*'가정'!$D$46-('가정'!$D$72+'가정'!$D$73+'가정'!$D$74)),"회수 불가") | C56: =IF(('가정'!$D$12*('가정'!$D$14)*('가정'!$D$15)*('가정'!$D$16)*(3)*('계산'!$C$14)-((1)*'계산'!$C$18+'계산'!$C$22)*('가정'!$D$60)*'가정'!$D$46-'가정'!$D$50*($A56)*(3)/'가정'!$D$63*(C$51)*'가정'!$D$49*(1)*'가정'!$D$46-('가정'!$D$72+'가정'!$D$73+'가정'!$D$74))>0,(((1)*('계산'!$C$18+'계산'!$C$19)+'계산'!$C$22)*(1+('가정'!$D$57))*'가정'!$D$46+'가정'!$D$58)/('가정'!$D$12*('가정'!$D$14)*('가정'!$D$15)*('가정'!$D$16)*(3)*('계산'!$C$14)-((1)*'계산'!$C$18+'계산'!$C$22)*('가정'!$D$60)*'가정'!$D$46-'가정'!$D$50*($A56)*(3)/'가정'!$D$63*(C$51)*'가정'!$D$49*(1)*'가정'!$D$46-('가정'!$D$72+'가정'!$D$73+'가정'!$D$74)),"회수 불가") | D56: =IF(('가정'!$D$12*('가정'!$D$14)*('가정'!$D$15)*('가정'!$D$16)*(3)*('계산'!$C$14)-((1)*'계산'!$C$18+'계산'!$C$22)*('가정'!$D$60)*'가정'!$D$46-'가정'!$D$50*($A56)*(3)/'가정'!$D$63*(D$51)*'가정'!$D$49*(1)*'가정'!$D$46-('가정'!$D$72+'가정'!$D$73+'가정'!$D$74))>0,(((1)*('계산'!$C$18+'계산'!$C$19)+'계산'!$C$22)*(1+('가정'!$D$57))*'가정'!$D$46+'가정'!$D$58)/('가정'!$D$12*('가정'!$D$14)*('가정'!$D$15)*('가정'!$D$16)*(3)*('계산'!$C$14)-((1)*'계산'!$C$18+'계산'!$C$22)*('가정'!$D$60)*'가정'!$D$46-'가정'!$D$50*($A56)*(3)/'가정'!$D$63*(D$51)*'가정'!$D$49*(1)*'가정'!$D$46-('가정'!$D$72+'가정'!$D$73+'가정'!$D$74)),"회수 불가") | E56: =IF(('가정'!$D$12*('가정'!$D$14)*('가정'!$D$15)*('가정'!$D$16)*(3)*('계산'!$C$14)-((1)*'계산'!$C$18+'계산'!$C$22)*('가정'!$D$60)*'가정'!$D$46-'가정'!$D$50*($A56)*(3)/'가정'!$D$63*(E$51)*'가정'!$D$49*(1)*'가정'!$D$46-('가정'!$D$72+'가정'!$D$73+'가정'!$D$74))>0,(((1)*('계산'!$C$18+'계산'!$C$19)+'계산'!$C$22)*(1+('가정'!$D$57))*'가정'!$D$46+'가정'!$D$58)/('가정'!$D$12*('가정'!$D$14)*('가정'!$D$15)*('가정'!$D$16)*(3)*('계산'!$C$14)-((1)*'계산'!$C$18+'계산'!$C$22)*('가정'!$D$60)*'가정'!$D$46-'가정'!$D$50*($A56)*(3)/'가정'!$D$63*(E$51)*'가정'!$D$49*(1)*'가정'!$D$46-('가정'!$D$72+'가정'!$D$73+'가정'!$D$74)),"회수 불가")
A59: 4. 교대 수 x 속도비 - 회수 기간 (년)
A60: 기준: 선택 인건비, 선택 손 교체 시나리오(교대에 따라 f 자동 x 교대/2).
A61: 교대 수 \ 속도비 | B61: 0.25 | C61: 0.5 | D61: 0.75 | E61: 1
A62: 2 | B62: =IF(('가정'!$D$12*(B$61)*('가정'!$D$15)*('가정'!$D$16)*($A62)*('계산'!$C$14)-((1)*'계산'!$C$18+'계산'!$C$22)*('가정'!$D$60)*'가정'!$D$46-'가정'!$D$50*(CHOOSE('가정'!$D$7,'가정'!$D$64,'가정'!$D$66,'가정'!$D$68,'가정'!$D$70))*($A62)/'가정'!$D$63*(CHOOSE('가정'!$D$7,'가정'!$D$65,'가정'!$D$67,'가정'!$D$69,'가정'!$D$71))*'가정'!$D$49*(1)*'가정'!$D$46-('가정'!$D$72+'가정'!$D$73+'가정'!$D$74))>0,(((1)*('계산'!$C$18+'계산'!$C$19)+'계산'!$C$22)*(1+('가정'!$D$57))*'가정'!$D$46+'가정'!$D$58)/('가정'!$D$12*(B$61)*('가정'!$D$15)*('가정'!$D$16)*($A62)*('계산'!$C$14)-((1)*'계산'!$C$18+'계산'!$C$22)*('가정'!$D$60)*'가정'!$D$46-'가정'!$D$50*(CHOOSE('가정'!$D$7,'가정'!$D$64,'가정'!$D$66,'가정'!$D$68,'가정'!$D$70))*($A62)/'가정'!$D$63*(CHOOSE('가정'!$D$7,'가정'!$D$65,'가정'!$D$67,'가정'!$D$69,'가정'!$D$71))*'가정'!$D$49*(1)*'가정'!$D$46-('가정'!$D$72+'가정'!$D$73+'가정'!$D$74)),"회수 불가") | C62: =IF(('가정'!$D$12*(C$61)*('가정'!$D$15)*('가정'!$D$16)*($A62)*('계산'!$C$14)-((1)*'계산'!$C$18+'계산'!$C$22)*('가정'!$D$60)*'가정'!$D$46-'가정'!$D$50*(CHOOSE('가정'!$D$7,'가정'!$D$64,'가정'!$D$66,'가정'!$D$68,'가정'!$D$70))*($A62)/'가정'!$D$63*(CHOOSE('가정'!$D$7,'가정'!$D$65,'가정'!$D$67,'가정'!$D$69,'가정'!$D$71))*'가정'!$D$49*(1)*'가정'!$D$46-('가정'!$D$72+'가정'!$D$73+'가정'!$D$74))>0,(((1)*('계산'!$C$18+'계산'!$C$19)+'계산'!$C$22)*(1+('가정'!$D$57))*'가정'!$D$46+'가정'!$D$58)/('가정'!$D$12*(C$61)*('가정'!$D$15)*('가정'!$D$16)*($A62)*('계산'!$C$14)-((1)*'계산'!$C$18+'계산'!$C$22)*('가정'!$D$60)*'가정'!$D$46-'가정'!$D$50*(CHOOSE('가정'!$D$7,'가정'!$D$64,'가정'!$D$66,'가정'!$D$68,'가정'!$D$70))*($A62)/'가정'!$D$63*(CHOOSE('가정'!$D$7,'가정'!$D$65,'가정'!$D$67,'가정'!$D$69,'가정'!$D$71))*'가정'!$D$49*(1)*'가정'!$D$46-('가정'!$D$72+'가정'!$D$73+'가정'!$D$74)),"회수 불가") | D62: =IF(('가정'!$D$12*(D$61)*('가정'!$D$15)*('가정'!$D$16)*($A62)*('계산'!$C$14)-((1)*'계산'!$C$18+'계산'!$C$22)*('가정'!$D$60)*'가정'!$D$46-'가정'!$D$50*(CHOOSE('가정'!$D$7,'가정'!$D$64,'가정'!$D$66,'가정'!$D$68,'가정'!$D$70))*($A62)/'가정'!$D$63*(CHOOSE('가정'!$D$7,'가정'!$D$65,'가정'!$D$67,'가정'!$D$69,'가정'!$D$71))*'가정'!$D$49*(1)*'가정'!$D$46-('가정'!$D$72+'가정'!$D$73+'가정'!$D$74))>0,(((1)*('계산'!$C$18+'계산'!$C$19)+'계산'!$C$22)*(1+('가정'!$D$57))*'가정'!$D$46+'가정'!$D$58)/('가정'!$D$12*(D$61)*('가정'!$D$15)*('가정'!$D$16)*($A62)*('계산'!$C$14)-((1)*'계산'!$C$18+'계산'!$C$22)*('가정'!$D$60)*'가정'!$D$46-'가정'!$D$50*(CHOOSE('가정'!$D$7,'가정'!$D$64,'가정'!$D$66,'가정'!$D$68,'가정'!$D$70))*($A62)/'가정'!$D$63*(CHOOSE('가정'!$D$7,'가정'!$D$65,'가정'!$D$67,'가정'!$D$69,'가정'!$D$71))*'가정'!$D$49*(1)*'가정'!$D$46-('가정'!$D$72+'가정'!$D$73+'가정'!$D$74)),"회수 불가") | E62: =IF(('가정'!$D$12*(E$61)*('가정'!$D$15)*('가정'!$D$16)*($A62)*('계산'!$C$14)-((1)*'계산'!$C$18+'계산'!$C$22)*('가정'!$D$60)*'가정'!$D$46-'가정'!$D$50*(CHOOSE('가정'!$D$7,'가정'!$D$64,'가정'!$D$66,'가정'!$D$68,'가정'!$D$70))*($A62)/'가정'!$D$63*(CHOOSE('가정'!$D$7,'가정'!$D$65,'가정'!$D$67,'가정'!$D$69,'가정'!$D$71))*'가정'!$D$49*(1)*'가정'!$D$46-('가정'!$D$72+'가정'!$D$73+'가정'!$D$74))>0,(((1)*('계산'!$C$18+'계산'!$C$19)+'계산'!$C$22)*(1+('가정'!$D$57))*'가정'!$D$46+'가정'!$D$58)/('가정'!$D$12*(E$61)*('가정'!$D$15)*('가정'!$D$16)*($A62)*('계산'!$C$14)-((1)*'계산'!$C$18+'계산'!$C$22)*('가정'!$D$60)*'가정'!$D$46-'가정'!$D$50*(CHOOSE('가정'!$D$7,'가정'!$D$64,'가정'!$D$66,'가정'!$D$68,'가정'!$D$70))*($A62)/'가정'!$D$63*(CHOOSE('가정'!$D$7,'가정'!$D$65,'가정'!$D$67,'가정'!$D$69,'가정'!$D$71))*'가정'!$D$49*(1)*'가정'!$D$46-('가정'!$D$72+'가정'!$D$73+'가정'!$D$74)),"회수 불가")
A63: 3 | B63: =IF(('가정'!$D$12*(B$61)*('가정'!$D$15)*('가정'!$D$16)*($A63)*('계산'!$C$14)-((1)*'계산'!$C$18+'계산'!$C$22)*('가정'!$D$60)*'가정'!$D$46-'가정'!$D$50*(CHOOSE('가정'!$D$7,'가정'!$D$64,'가정'!$D$66,'가정'!$D$68,'가정'!$D$70))*($A63)/'가정'!$D$63*(CHOOSE('가정'!$D$7,'가정'!$D$65,'가정'!$D$67,'가정'!$D$69,'가정'!$D$71))*'가정'!$D$49*(1)*'가정'!$D$46-('가정'!$D$72+'가정'!$D$73+'가정'!$D$74))>0,(((1)*('계산'!$C$18+'계산'!$C$19)+'계산'!$C$22)*(1+('가정'!$D$57))*'가정'!$D$46+'가정'!$D$58)/('가정'!$D$12*(B$61)*('가정'!$D$15)*('가정'!$D$16)*($A63)*('계산'!$C$14)-((1)*'계산'!$C$18+'계산'!$C$22)*('가정'!$D$60)*'가정'!$D$46-'가정'!$D$50*(CHOOSE('가정'!$D$7,'가정'!$D$64,'가정'!$D$66,'가정'!$D$68,'가정'!$D$70))*($A63)/'가정'!$D$63*(CHOOSE('가정'!$D$7,'가정'!$D$65,'가정'!$D$67,'가정'!$D$69,'가정'!$D$71))*'가정'!$D$49*(1)*'가정'!$D$46-('가정'!$D$72+'가정'!$D$73+'가정'!$D$74)),"회수 불가") | C63: =IF(('가정'!$D$12*(C$61)*('가정'!$D$15)*('가정'!$D$16)*($A63)*('계산'!$C$14)-((1)*'계산'!$C$18+'계산'!$C$22)*('가정'!$D$60)*'가정'!$D$46-'가정'!$D$50*(CHOOSE('가정'!$D$7,'가정'!$D$64,'가정'!$D$66,'가정'!$D$68,'가정'!$D$70))*($A63)/'가정'!$D$63*(CHOOSE('가정'!$D$7,'가정'!$D$65,'가정'!$D$67,'가정'!$D$69,'가정'!$D$71))*'가정'!$D$49*(1)*'가정'!$D$46-('가정'!$D$72+'가정'!$D$73+'가정'!$D$74))>0,(((1)*('계산'!$C$18+'계산'!$C$19)+'계산'!$C$22)*(1+('가정'!$D$57))*'가정'!$D$46+'가정'!$D$58)/('가정'!$D$12*(C$61)*('가정'!$D$15)*('가정'!$D$16)*($A63)*('계산'!$C$14)-((1)*'계산'!$C$18+'계산'!$C$22)*('가정'!$D$60)*'가정'!$D$46-'가정'!$D$50*(CHOOSE('가정'!$D$7,'가정'!$D$64,'가정'!$D$66,'가정'!$D$68,'가정'!$D$70))*($A63)/'가정'!$D$63*(CHOOSE('가정'!$D$7,'가정'!$D$65,'가정'!$D$67,'가정'!$D$69,'가정'!$D$71))*'가정'!$D$49*(1)*'가정'!$D$46-('가정'!$D$72+'가정'!$D$73+'가정'!$D$74)),"회수 불가") | D63: =IF(('가정'!$D$12*(D$61)*('가정'!$D$15)*('가정'!$D$16)*($A63)*('계산'!$C$14)-((1)*'계산'!$C$18+'계산'!$C$22)*('가정'!$D$60)*'가정'!$D$46-'가정'!$D$50*(CHOOSE('가정'!$D$7,'가정'!$D$64,'가정'!$D$66,'가정'!$D$68,'가정'!$D$70))*($A63)/'가정'!$D$63*(CHOOSE('가정'!$D$7,'가정'!$D$65,'가정'!$D$67,'가정'!$D$69,'가정'!$D$71))*'가정'!$D$49*(1)*'가정'!$D$46-('가정'!$D$72+'가정'!$D$73+'가정'!$D$74))>0,(((1)*('계산'!$C$18+'계산'!$C$19)+'계산'!$C$22)*(1+('가정'!$D$57))*'가정'!$D$46+'가정'!$D$58)/('가정'!$D$12*(D$61)*('가정'!$D$15)*('가정'!$D$16)*($A63)*('계산'!$C$14)-((1)*'계산'!$C$18+'계산'!$C$22)*('가정'!$D$60)*'가정'!$D$46-'가정'!$D$50*(CHOOSE('가정'!$D$7,'가정'!$D$64,'가정'!$D$66,'가정'!$D$68,'가정'!$D$70))*($A63)/'가정'!$D$63*(CHOOSE('가정'!$D$7,'가정'!$D$65,'가정'!$D$67,'가정'!$D$69,'가정'!$D$71))*'가정'!$D$49*(1)*'가정'!$D$46-('가정'!$D$72+'가정'!$D$73+'가정'!$D$74)),"회수 불가") | E63: =IF(('가정'!$D$12*(E$61)*('가정'!$D$15)*('가정'!$D$16)*($A63)*('계산'!$C$14)-((1)*'계산'!$C$18+'계산'!$C$22)*('가정'!$D$60)*'가정'!$D$46-'가정'!$D$50*(CHOOSE('가정'!$D$7,'가정'!$D$64,'가정'!$D$66,'가정'!$D$68,'가정'!$D$70))*($A63)/'가정'!$D$63*(CHOOSE('가정'!$D$7,'가정'!$D$65,'가정'!$D$67,'가정'!$D$69,'가정'!$D$71))*'가정'!$D$49*(1)*'가정'!$D$46-('가정'!$D$72+'가정'!$D$73+'가정'!$D$74))>0,(((1)*('계산'!$C$18+'계산'!$C$19)+'계산'!$C$22)*(1+('가정'!$D$57))*'가정'!$D$46+'가정'!$D$58)/('가정'!$D$12*(E$61)*('가정'!$D$15)*('가정'!$D$16)*($A63)*('계산'!$C$14)-((1)*'계산'!$C$18+'계산'!$C$22)*('가정'!$D$60)*'가정'!$D$46-'가정'!$D$50*(CHOOSE('가정'!$D$7,'가정'!$D$64,'가정'!$D$66,'가정'!$D$68,'가정'!$D$70))*($A63)/'가정'!$D$63*(CHOOSE('가정'!$D$7,'가정'!$D$65,'가정'!$D$67,'가정'!$D$69,'가정'!$D$71))*'가정'!$D$49*(1)*'가정'!$D$46-('가정'!$D$72+'가정'!$D$73+'가정'!$D$74)),"회수 불가")
A66: 5. 교대 수 x 손 교체 시나리오 - 회수 기간 (년)
A67: 손 교체 시나리오 1=낙관(f1·20%) 2=기본(f2·20%) 3=보수(f2·100%) 4=교체 없음(참고).
A68: 교대 수 \ 손 교체 시나리오 | B68: 1 | C68: 2 | D68: 3 | E68: 4
A69: 2 | B69: =IF(('가정'!$D$12*('가정'!$D$14)*('가정'!$D$15)*('가정'!$D$16)*($A69)*('계산'!$C$14)-((1)*'계산'!$C$18+'계산'!$C$22)*('가정'!$D$60)*'가정'!$D$46-'가정'!$D$50*(CHOOSE(B$68,'가정'!$D$64,'가정'!$D$66,'가정'!$D$68,'가정'!$D$70))*($A69)/'가정'!$D$63*(CHOOSE(B$68,'가정'!$D$65,'가정'!$D$67,'가정'!$D$69,'가정'!$D$71))*'가정'!$D$49*(1)*'가정'!$D$46-('가정'!$D$72+'가정'!$D$73+'가정'!$D$74))>0,(((1)*('계산'!$C$18+'계산'!$C$19)+'계산'!$C$22)*(1+('가정'!$D$57))*'가정'!$D$46+'가정'!$D$58)/('가정'!$D$12*('가정'!$D$14)*('가정'!$D$15)*('가정'!$D$16)*($A69)*('계산'!$C$14)-((1)*'계산'!$C$18+'계산'!$C$22)*('가정'!$D$60)*'가정'!$D$46-'가정'!$D$50*(CHOOSE(B$68,'가정'!$D$64,'가정'!$D$66,'가정'!$D$68,'가정'!$D$70))*($A69)/'가정'!$D$63*(CHOOSE(B$68,'가정'!$D$65,'가정'!$D$67,'가정'!$D$69,'가정'!$D$71))*'가정'!$D$49*(1)*'가정'!$D$46-('가정'!$D$72+'가정'!$D$73+'가정'!$D$74)),"회수 불가") | C69: =IF(('가정'!$D$12*('가정'!$D$14)*('가정'!$D$15)*('가정'!$D$16)*($A69)*('계산'!$C$14)-((1)*'계산'!$C$18+'계산'!$C$22)*('가정'!$D$60)*'가정'!$D$46-'가정'!$D$50*(CHOOSE(C$68,'가정'!$D$64,'가정'!$D$66,'가정'!$D$68,'가정'!$D$70))*($A69)/'가정'!$D$63*(CHOOSE(C$68,'가정'!$D$65,'가정'!$D$67,'가정'!$D$69,'가정'!$D$71))*'가정'!$D$49*(1)*'가정'!$D$46-('가정'!$D$72+'가정'!$D$73+'가정'!$D$74))>0,(((1)*('계산'!$C$18+'계산'!$C$19)+'계산'!$C$22)*(1+('가정'!$D$57))*'가정'!$D$46+'가정'!$D$58)/('가정'!$D$12*('가정'!$D$14)*('가정'!$D$15)*('가정'!$D$16)*($A69)*('계산'!$C$14)-((1)*'계산'!$C$18+'계산'!$C$22)*('가정'!$D$60)*'가정'!$D$46-'가정'!$D$50*(CHOOSE(C$68,'가정'!$D$64,'가정'!$D$66,'가정'!$D$68,'가정'!$D$70))*($A69)/'가정'!$D$63*(CHOOSE(C$68,'가정'!$D$65,'가정'!$D$67,'가정'!$D$69,'가정'!$D$71))*'가정'!$D$49*(1)*'가정'!$D$46-('가정'!$D$72+'가정'!$D$73+'가정'!$D$74)),"회수 불가") | D69: =IF(('가정'!$D$12*('가정'!$D$14)*('가정'!$D$15)*('가정'!$D$16)*($A69)*('계산'!$C$14)-((1)*'계산'!$C$18+'계산'!$C$22)*('가정'!$D$60)*'가정'!$D$46-'가정'!$D$50*(CHOOSE(D$68,'가정'!$D$64,'가정'!$D$66,'가정'!$D$68,'가정'!$D$70))*($A69)/'가정'!$D$63*(CHOOSE(D$68,'가정'!$D$65,'가정'!$D$67,'가정'!$D$69,'가정'!$D$71))*'가정'!$D$49*(1)*'가정'!$D$46-('가정'!$D$72+'가정'!$D$73+'가정'!$D$74))>0,(((1)*('계산'!$C$18+'계산'!$C$19)+'계산'!$C$22)*(1+('가정'!$D$57))*'가정'!$D$46+'가정'!$D$58)/('가정'!$D$12*('가정'!$D$14)*('가정'!$D$15)*('가정'!$D$16)*($A69)*('계산'!$C$14)-((1)*'계산'!$C$18+'계산'!$C$22)*('가정'!$D$60)*'가정'!$D$46-'가정'!$D$50*(CHOOSE(D$68,'가정'!$D$64,'가정'!$D$66,'가정'!$D$68,'가정'!$D$70))*($A69)/'가정'!$D$63*(CHOOSE(D$68,'가정'!$D$65,'가정'!$D$67,'가정'!$D$69,'가정'!$D$71))*'가정'!$D$49*(1)*'가정'!$D$46-('가정'!$D$72+'가정'!$D$73+'가정'!$D$74)),"회수 불가") | E69: =IF(('가정'!$D$12*('가정'!$D$14)*('가정'!$D$15)*('가정'!$D$16)*($A69)*('계산'!$C$14)-((1)*'계산'!$C$18+'계산'!$C$22)*('가정'!$D$60)*'가정'!$D$46-'가정'!$D$50*(CHOOSE(E$68,'가정'!$D$64,'가정'!$D$66,'가정'!$D$68,'가정'!$D$70))*($A69)/'가정'!$D$63*(CHOOSE(E$68,'가정'!$D$65,'가정'!$D$67,'가정'!$D$69,'가정'!$D$71))*'가정'!$D$49*(1)*'가정'!$D$46-('가정'!$D$72+'가정'!$D$73+'가정'!$D$74))>0,(((1)*('계산'!$C$18+'계산'!$C$19)+'계산'!$C$22)*(1+('가정'!$D$57))*'가정'!$D$46+'가정'!$D$58)/('가정'!$D$12*('가정'!$D$14)*('가정'!$D$15)*('가정'!$D$16)*($A69)*('계산'!$C$14)-((1)*'계산'!$C$18+'계산'!$C$22)*('가정'!$D$60)*'가정'!$D$46-'가정'!$D$50*(CHOOSE(E$68,'가정'!$D$64,'가정'!$D$66,'가정'!$D$68,'가정'!$D$70))*($A69)/'가정'!$D$63*(CHOOSE(E$68,'가정'!$D$65,'가정'!$D$67,'가정'!$D$69,'가정'!$D$71))*'가정'!$D$49*(1)*'가정'!$D$46-('가정'!$D$72+'가정'!$D$73+'가정'!$D$74)),"회수 불가")
A70: 3 | B70: =IF(('가정'!$D$12*('가정'!$D$14)*('가정'!$D$15)*('가정'!$D$16)*($A70)*('계산'!$C$14)-((1)*'계산'!$C$18+'계산'!$C$22)*('가정'!$D$60)*'가정'!$D$46-'가정'!$D$50*(CHOOSE(B$68,'가정'!$D$64,'가정'!$D$66,'가정'!$D$68,'가정'!$D$70))*($A70)/'가정'!$D$63*(CHOOSE(B$68,'가정'!$D$65,'가정'!$D$67,'가정'!$D$69,'가정'!$D$71))*'가정'!$D$49*(1)*'가정'!$D$46-('가정'!$D$72+'가정'!$D$73+'가정'!$D$74))>0,(((1)*('계산'!$C$18+'계산'!$C$19)+'계산'!$C$22)*(1+('가정'!$D$57))*'가정'!$D$46+'가정'!$D$58)/('가정'!$D$12*('가정'!$D$14)*('가정'!$D$15)*('가정'!$D$16)*($A70)*('계산'!$C$14)-((1)*'계산'!$C$18+'계산'!$C$22)*('가정'!$D$60)*'가정'!$D$46-'가정'!$D$50*(CHOOSE(B$68,'가정'!$D$64,'가정'!$D$66,'가정'!$D$68,'가정'!$D$70))*($A70)/'가정'!$D$63*(CHOOSE(B$68,'가정'!$D$65,'가정'!$D$67,'가정'!$D$69,'가정'!$D$71))*'가정'!$D$49*(1)*'가정'!$D$46-('가정'!$D$72+'가정'!$D$73+'가정'!$D$74)),"회수 불가") | C70: =IF(('가정'!$D$12*('가정'!$D$14)*('가정'!$D$15)*('가정'!$D$16)*($A70)*('계산'!$C$14)-((1)*'계산'!$C$18+'계산'!$C$22)*('가정'!$D$60)*'가정'!$D$46-'가정'!$D$50*(CHOOSE(C$68,'가정'!$D$64,'가정'!$D$66,'가정'!$D$68,'가정'!$D$70))*($A70)/'가정'!$D$63*(CHOOSE(C$68,'가정'!$D$65,'가정'!$D$67,'가정'!$D$69,'가정'!$D$71))*'가정'!$D$49*(1)*'가정'!$D$46-('가정'!$D$72+'가정'!$D$73+'가정'!$D$74))>0,(((1)*('계산'!$C$18+'계산'!$C$19)+'계산'!$C$22)*(1+('가정'!$D$57))*'가정'!$D$46+'가정'!$D$58)/('가정'!$D$12*('가정'!$D$14)*('가정'!$D$15)*('가정'!$D$16)*($A70)*('계산'!$C$14)-((1)*'계산'!$C$18+'계산'!$C$22)*('가정'!$D$60)*'가정'!$D$46-'가정'!$D$50*(CHOOSE(C$68,'가정'!$D$64,'가정'!$D$66,'가정'!$D$68,'가정'!$D$70))*($A70)/'가정'!$D$63*(CHOOSE(C$68,'가정'!$D$65,'가정'!$D$67,'가정'!$D$69,'가정'!$D$71))*'가정'!$D$49*(1)*'가정'!$D$46-('가정'!$D$72+'가정'!$D$73+'가정'!$D$74)),"회수 불가") | D70: =IF(('가정'!$D$12*('가정'!$D$14)*('가정'!$D$15)*('가정'!$D$16)*($A70)*('계산'!$C$14)-((1)*'계산'!$C$18+'계산'!$C$22)*('가정'!$D$60)*'가정'!$D$46-'가정'!$D$50*(CHOOSE(D$68,'가정'!$D$64,'가정'!$D$66,'가정'!$D$68,'가정'!$D$70))*($A70)/'가정'!$D$63*(CHOOSE(D$68,'가정'!$D$65,'가정'!$D$67,'가정'!$D$69,'가정'!$D$71))*'가정'!$D$49*(1)*'가정'!$D$46-('가정'!$D$72+'가정'!$D$73+'가정'!$D$74))>0,(((1)*('계산'!$C$18+'계산'!$C$19)+'계산'!$C$22)*(1+('가정'!$D$57))*'가정'!$D$46+'가정'!$D$58)/('가정'!$D$12*('가정'!$D$14)*('가정'!$D$15)*('가정'!$D$16)*($A70)*('계산'!$C$14)-((1)*'계산'!$C$18+'계산'!$C$22)*('가정'!$D$60)*'가정'!$D$46-'가정'!$D$50*(CHOOSE(D$68,'가정'!$D$64,'가정'!$D$66,'가정'!$D$68,'가정'!$D$70))*($A70)/'가정'!$D$63*(CHOOSE(D$68,'가정'!$D$65,'가정'!$D$67,'가정'!$D$69,'가정'!$D$71))*'가정'!$D$49*(1)*'가정'!$D$46-('가정'!$D$72+'가정'!$D$73+'가정'!$D$74)),"회수 불가") | E70: =IF(('가정'!$D$12*('가정'!$D$14)*('가정'!$D$15)*('가정'!$D$16)*($A70)*('계산'!$C$14)-((1)*'계산'!$C$18+'계산'!$C$22)*('가정'!$D$60)*'가정'!$D$46-'가정'!$D$50*(CHOOSE(E$68,'가정'!$D$64,'가정'!$D$66,'가정'!$D$68,'가정'!$D$70))*($A70)/'가정'!$D$63*(CHOOSE(E$68,'가정'!$D$65,'가정'!$D$67,'가정'!$D$69,'가정'!$D$71))*'가정'!$D$49*(1)*'가정'!$D$46-('가정'!$D$72+'가정'!$D$73+'가정'!$D$74))>0,(((1)*('계산'!$C$18+'계산'!$C$19)+'계산'!$C$22)*(1+('가정'!$D$57))*'가정'!$D$46+'가정'!$D$58)/('가정'!$D$12*('가정'!$D$14)*('가정'!$D$15)*('가정'!$D$16)*($A70)*('계산'!$C$14)-((1)*'계산'!$C$18+'계산'!$C$22)*('가정'!$D$60)*'가정'!$D$46-'가정'!$D$50*(CHOOSE(E$68,'가정'!$D$64,'가정'!$D$66,'가정'!$D$68,'가정'!$D$70))*($A70)/'가정'!$D$63*(CHOOSE(E$68,'가정'!$D$65,'가정'!$D$67,'가정'!$D$69,'가정'!$D$71))*'가정'!$D$49*(1)*'가정'!$D$46-('가정'!$D$72+'가정'!$D$73+'가정'!$D$74)),"회수 불가")
A73: 6. 인건비 시나리오 x 교대 수 - 회수 기간 (년)
A74: 기준: 선택 손 교체 시나리오. 인건비 시나리오는 시급·야간 비율·연장을 묶은 것.
A75: 인건비 시나리오 \ 교대 수 | B75: 2 | C75: 3
A76: 1 | B76: =IF(('가정'!$D$12*('가정'!$D$14)*('가정'!$D$15)*('가정'!$D$16)*(B$75)*(INDEX('계산'!$C$13:$E$13,$A76))-((1)*'계산'!$C$18+'계산'!$C$22)*('가정'!$D$60)*'가정'!$D$46-'가정'!$D$50*(CHOOSE('가정'!$D$7,'가정'!$D$64,'가정'!$D$66,'가정'!$D$68,'가정'!$D$70))*(B$75)/'가정'!$D$63*(CHOOSE('가정'!$D$7,'가정'!$D$65,'가정'!$D$67,'가정'!$D$69,'가정'!$D$71))*'가정'!$D$49*(1)*'가정'!$D$46-('가정'!$D$72+'가정'!$D$73+'가정'!$D$74))>0,(((1)*('계산'!$C$18+'계산'!$C$19)+'계산'!$C$22)*(1+('가정'!$D$57))*'가정'!$D$46+'가정'!$D$58)/('가정'!$D$12*('가정'!$D$14)*('가정'!$D$15)*('가정'!$D$16)*(B$75)*(INDEX('계산'!$C$13:$E$13,$A76))-((1)*'계산'!$C$18+'계산'!$C$22)*('가정'!$D$60)*'가정'!$D$46-'가정'!$D$50*(CHOOSE('가정'!$D$7,'가정'!$D$64,'가정'!$D$66,'가정'!$D$68,'가정'!$D$70))*(B$75)/'가정'!$D$63*(CHOOSE('가정'!$D$7,'가정'!$D$65,'가정'!$D$67,'가정'!$D$69,'가정'!$D$71))*'가정'!$D$49*(1)*'가정'!$D$46-('가정'!$D$72+'가정'!$D$73+'가정'!$D$74)),"회수 불가") | C76: =IF(('가정'!$D$12*('가정'!$D$14)*('가정'!$D$15)*('가정'!$D$16)*(C$75)*(INDEX('계산'!$C$13:$E$13,$A76))-((1)*'계산'!$C$18+'계산'!$C$22)*('가정'!$D$60)*'가정'!$D$46-'가정'!$D$50*(CHOOSE('가정'!$D$7,'가정'!$D$64,'가정'!$D$66,'가정'!$D$68,'가정'!$D$70))*(C$75)/'가정'!$D$63*(CHOOSE('가정'!$D$7,'가정'!$D$65,'가정'!$D$67,'가정'!$D$69,'가정'!$D$71))*'가정'!$D$49*(1)*'가정'!$D$46-('가정'!$D$72+'가정'!$D$73+'가정'!$D$74))>0,(((1)*('계산'!$C$18+'계산'!$C$19)+'계산'!$C$22)*(1+('가정'!$D$57))*'가정'!$D$46+'가정'!$D$58)/('가정'!$D$12*('가정'!$D$14)*('가정'!$D$15)*('가정'!$D$16)*(C$75)*(INDEX('계산'!$C$13:$E$13,$A76))-((1)*'계산'!$C$18+'계산'!$C$22)*('가정'!$D$60)*'가정'!$D$46-'가정'!$D$50*(CHOOSE('가정'!$D$7,'가정'!$D$64,'가정'!$D$66,'가정'!$D$68,'가정'!$D$70))*(C$75)/'가정'!$D$63*(CHOOSE('가정'!$D$7,'가정'!$D$65,'가정'!$D$67,'가정'!$D$69,'가정'!$D$71))*'가정'!$D$49*(1)*'가정'!$D$46-('가정'!$D$72+'가정'!$D$73+'가정'!$D$74)),"회수 불가")
A77: 2 | B77: =IF(('가정'!$D$12*('가정'!$D$14)*('가정'!$D$15)*('가정'!$D$16)*(B$75)*(INDEX('계산'!$C$13:$E$13,$A77))-((1)*'계산'!$C$18+'계산'!$C$22)*('가정'!$D$60)*'가정'!$D$46-'가정'!$D$50*(CHOOSE('가정'!$D$7,'가정'!$D$64,'가정'!$D$66,'가정'!$D$68,'가정'!$D$70))*(B$75)/'가정'!$D$63*(CHOOSE('가정'!$D$7,'가정'!$D$65,'가정'!$D$67,'가정'!$D$69,'가정'!$D$71))*'가정'!$D$49*(1)*'가정'!$D$46-('가정'!$D$72+'가정'!$D$73+'가정'!$D$74))>0,(((1)*('계산'!$C$18+'계산'!$C$19)+'계산'!$C$22)*(1+('가정'!$D$57))*'가정'!$D$46+'가정'!$D$58)/('가정'!$D$12*('가정'!$D$14)*('가정'!$D$15)*('가정'!$D$16)*(B$75)*(INDEX('계산'!$C$13:$E$13,$A77))-((1)*'계산'!$C$18+'계산'!$C$22)*('가정'!$D$60)*'가정'!$D$46-'가정'!$D$50*(CHOOSE('가정'!$D$7,'가정'!$D$64,'가정'!$D$66,'가정'!$D$68,'가정'!$D$70))*(B$75)/'가정'!$D$63*(CHOOSE('가정'!$D$7,'가정'!$D$65,'가정'!$D$67,'가정'!$D$69,'가정'!$D$71))*'가정'!$D$49*(1)*'가정'!$D$46-('가정'!$D$72+'가정'!$D$73+'가정'!$D$74)),"회수 불가") | C77: =IF(('가정'!$D$12*('가정'!$D$14)*('가정'!$D$15)*('가정'!$D$16)*(C$75)*(INDEX('계산'!$C$13:$E$13,$A77))-((1)*'계산'!$C$18+'계산'!$C$22)*('가정'!$D$60)*'가정'!$D$46-'가정'!$D$50*(CHOOSE('가정'!$D$7,'가정'!$D$64,'가정'!$D$66,'가정'!$D$68,'가정'!$D$70))*(C$75)/'가정'!$D$63*(CHOOSE('가정'!$D$7,'가정'!$D$65,'가정'!$D$67,'가정'!$D$69,'가정'!$D$71))*'가정'!$D$49*(1)*'가정'!$D$46-('가정'!$D$72+'가정'!$D$73+'가정'!$D$74))>0,(((1)*('계산'!$C$18+'계산'!$C$19)+'계산'!$C$22)*(1+('가정'!$D$57))*'가정'!$D$46+'가정'!$D$58)/('가정'!$D$12*('가정'!$D$14)*('가정'!$D$15)*('가정'!$D$16)*(C$75)*(INDEX('계산'!$C$13:$E$13,$A77))-((1)*'계산'!$C$18+'계산'!$C$22)*('가정'!$D$60)*'가정'!$D$46-'가정'!$D$50*(CHOOSE('가정'!$D$7,'가정'!$D$64,'가정'!$D$66,'가정'!$D$68,'가정'!$D$70))*(C$75)/'가정'!$D$63*(CHOOSE('가정'!$D$7,'가정'!$D$65,'가정'!$D$67,'가정'!$D$69,'가정'!$D$71))*'가정'!$D$49*(1)*'가정'!$D$46-('가정'!$D$72+'가정'!$D$73+'가정'!$D$74)),"회수 불가")
A78: 3 | B78: =IF(('가정'!$D$12*('가정'!$D$14)*('가정'!$D$15)*('가정'!$D$16)*(B$75)*(INDEX('계산'!$C$13:$E$13,$A78))-((1)*'계산'!$C$18+'계산'!$C$22)*('가정'!$D$60)*'가정'!$D$46-'가정'!$D$50*(CHOOSE('가정'!$D$7,'가정'!$D$64,'가정'!$D$66,'가정'!$D$68,'가정'!$D$70))*(B$75)/'가정'!$D$63*(CHOOSE('가정'!$D$7,'가정'!$D$65,'가정'!$D$67,'가정'!$D$69,'가정'!$D$71))*'가정'!$D$49*(1)*'가정'!$D$46-('가정'!$D$72+'가정'!$D$73+'가정'!$D$74))>0,(((1)*('계산'!$C$18+'계산'!$C$19)+'계산'!$C$22)*(1+('가정'!$D$57))*'가정'!$D$46+'가정'!$D$58)/('가정'!$D$12*('가정'!$D$14)*('가정'!$D$15)*('가정'!$D$16)*(B$75)*(INDEX('계산'!$C$13:$E$13,$A78))-((1)*'계산'!$C$18+'계산'!$C$22)*('가정'!$D$60)*'가정'!$D$46-'가정'!$D$50*(CHOOSE('가정'!$D$7,'가정'!$D$64,'가정'!$D$66,'가정'!$D$68,'가정'!$D$70))*(B$75)/'가정'!$D$63*(CHOOSE('가정'!$D$7,'가정'!$D$65,'가정'!$D$67,'가정'!$D$69,'가정'!$D$71))*'가정'!$D$49*(1)*'가정'!$D$46-('가정'!$D$72+'가정'!$D$73+'가정'!$D$74)),"회수 불가") | C78: =IF(('가정'!$D$12*('가정'!$D$14)*('가정'!$D$15)*('가정'!$D$16)*(C$75)*(INDEX('계산'!$C$13:$E$13,$A78))-((1)*'계산'!$C$18+'계산'!$C$22)*('가정'!$D$60)*'가정'!$D$46-'가정'!$D$50*(CHOOSE('가정'!$D$7,'가정'!$D$64,'가정'!$D$66,'가정'!$D$68,'가정'!$D$70))*(C$75)/'가정'!$D$63*(CHOOSE('가정'!$D$7,'가정'!$D$65,'가정'!$D$67,'가정'!$D$69,'가정'!$D$71))*'가정'!$D$49*(1)*'가정'!$D$46-('가정'!$D$72+'가정'!$D$73+'가정'!$D$74))>0,(((1)*('계산'!$C$18+'계산'!$C$19)+'계산'!$C$22)*(1+('가정'!$D$57))*'가정'!$D$46+'가정'!$D$58)/('가정'!$D$12*('가정'!$D$14)*('가정'!$D$15)*('가정'!$D$16)*(C$75)*(INDEX('계산'!$C$13:$E$13,$A78))-((1)*'계산'!$C$18+'계산'!$C$22)*('가정'!$D$60)*'가정'!$D$46-'가정'!$D$50*(CHOOSE('가정'!$D$7,'가정'!$D$64,'가정'!$D$66,'가정'!$D$68,'가정'!$D$70))*(C$75)/'가정'!$D$63*(CHOOSE('가정'!$D$7,'가정'!$D$65,'가정'!$D$67,'가정'!$D$69,'가정'!$D$71))*'가정'!$D$49*(1)*'가정'!$D$46-('가정'!$D$72+'가정'!$D$73+'가정'!$D$74)),"회수 불가")
A81: 7. 가동률 x 로봇 팔·손 단가 - 회수 기간 (년) (roi-model 스킬 표준 표)
A82: 단가 변화는 팔·손 가격에만 적용(통합비율은 하드웨어 비례로 같이 변함, 나머지 부품은 고정).
A83: 가동률 \ 단가 변화 | B83: -0.3 | C83: -0.15 | D83: 0 | E83: 0.15 | F83: 0.3
A84: 0.6 | B84: =IF(('가정'!$D$12*('가정'!$D$14)*('가정'!$D$15)*($A84)*('가정'!$D$9)*('계산'!$C$14)-(((1+B$83))*'계산'!$C$18+'계산'!$C$22)*('가정'!$D$60)*'가정'!$D$46-'가정'!$D$50*(CHOOSE('가정'!$D$7,'가정'!$D$64,'가정'!$D$66,'가정'!$D$68,'가정'!$D$70))*('가정'!$D$9)/'가정'!$D$63*(CHOOSE('가정'!$D$7,'가정'!$D$65,'가정'!$D$67,'가정'!$D$69,'가정'!$D$71))*'가정'!$D$49*((1+B$83))*'가정'!$D$46-('가정'!$D$72+'가정'!$D$73+'가정'!$D$74))>0,((((1+B$83))*('계산'!$C$18+'계산'!$C$19)+'계산'!$C$22)*(1+('가정'!$D$57))*'가정'!$D$46+'가정'!$D$58)/('가정'!$D$12*('가정'!$D$14)*('가정'!$D$15)*($A84)*('가정'!$D$9)*('계산'!$C$14)-(((1+B$83))*'계산'!$C$18+'계산'!$C$22)*('가정'!$D$60)*'가정'!$D$46-'가정'!$D$50*(CHOOSE('가정'!$D$7,'가정'!$D$64,'가정'!$D$66,'가정'!$D$68,'가정'!$D$70))*('가정'!$D$9)/'가정'!$D$63*(CHOOSE('가정'!$D$7,'가정'!$D$65,'가정'!$D$67,'가정'!$D$69,'가정'!$D$71))*'가정'!$D$49*((1+B$83))*'가정'!$D$46-('가정'!$D$72+'가정'!$D$73+'가정'!$D$74)),"회수 불가") | C84: =IF(('가정'!$D$12*('가정'!$D$14)*('가정'!$D$15)*($A84)*('가정'!$D$9)*('계산'!$C$14)-(((1+C$83))*'계산'!$C$18+'계산'!$C$22)*('가정'!$D$60)*'가정'!$D$46-'가정'!$D$50*(CHOOSE('가정'!$D$7,'가정'!$D$64,'가정'!$D$66,'가정'!$D$68,'가정'!$D$70))*('가정'!$D$9)/'가정'!$D$63*(CHOOSE('가정'!$D$7,'가정'!$D$65,'가정'!$D$67,'가정'!$D$69,'가정'!$D$71))*'가정'!$D$49*((1+C$83))*'가정'!$D$46-('가정'!$D$72+'가정'!$D$73+'가정'!$D$74))>0,((((1+C$83))*('계산'!$C$18+'계산'!$C$19)+'계산'!$C$22)*(1+('가정'!$D$57))*'가정'!$D$46+'가정'!$D$58)/('가정'!$D$12*('가정'!$D$14)*('가정'!$D$15)*($A84)*('가정'!$D$9)*('계산'!$C$14)-(((1+C$83))*'계산'!$C$18+'계산'!$C$22)*('가정'!$D$60)*'가정'!$D$46-'가정'!$D$50*(CHOOSE('가정'!$D$7,'가정'!$D$64,'가정'!$D$66,'가정'!$D$68,'가정'!$D$70))*('가정'!$D$9)/'가정'!$D$63*(CHOOSE('가정'!$D$7,'가정'!$D$65,'가정'!$D$67,'가정'!$D$69,'가정'!$D$71))*'가정'!$D$49*((1+C$83))*'가정'!$D$46-('가정'!$D$72+'가정'!$D$73+'가정'!$D$74)),"회수 불가") | D84: =IF(('가정'!$D$12*('가정'!$D$14)*('가정'!$D$15)*($A84)*('가정'!$D$9)*('계산'!$C$14)-(((1+D$83))*'계산'!$C$18+'계산'!$C$22)*('가정'!$D$60)*'가정'!$D$46-'가정'!$D$50*(CHOOSE('가정'!$D$7,'가정'!$D$64,'가정'!$D$66,'가정'!$D$68,'가정'!$D$70))*('가정'!$D$9)/'가정'!$D$63*(CHOOSE('가정'!$D$7,'가정'!$D$65,'가정'!$D$67,'가정'!$D$69,'가정'!$D$71))*'가정'!$D$49*((1+D$83))*'가정'!$D$46-('가정'!$D$72+'가정'!$D$73+'가정'!$D$74))>0,((((1+D$83))*('계산'!$C$18+'계산'!$C$19)+'계산'!$C$22)*(1+('가정'!$D$57))*'가정'!$D$46+'가정'!$D$58)/('가정'!$D$12*('가정'!$D$14)*('가정'!$D$15)*($A84)*('가정'!$D$9)*('계산'!$C$14)-(((1+D$83))*'계산'!$C$18+'계산'!$C$22)*('가정'!$D$60)*'가정'!$D$46-'가정'!$D$50*(CHOOSE('가정'!$D$7,'가정'!$D$64,'가정'!$D$66,'가정'!$D$68,'가정'!$D$70))*('가정'!$D$9)/'가정'!$D$63*(CHOOSE('가정'!$D$7,'가정'!$D$65,'가정'!$D$67,'가정'!$D$69,'가정'!$D$71))*'가정'!$D$49*((1+D$83))*'가정'!$D$46-('가정'!$D$72+'가정'!$D$73+'가정'!$D$74)),"회수 불가") | E84: =IF(('가정'!$D$12*('가정'!$D$14)*('가정'!$D$15)*($A84)*('가정'!$D$9)*('계산'!$C$14)-(((1+E$83))*'계산'!$C$18+'계산'!$C$22)*('가정'!$D$60)*'가정'!$D$46-'가정'!$D$50*(CHOOSE('가정'!$D$7,'가정'!$D$64,'가정'!$D$66,'가정'!$D$68,'가정'!$D$70))*('가정'!$D$9)/'가정'!$D$63*(CHOOSE('가정'!$D$7,'가정'!$D$65,'가정'!$D$67,'가정'!$D$69,'가정'!$D$71))*'가정'!$D$49*((1+E$83))*'가정'!$D$46-('가정'!$D$72+'가정'!$D$73+'가정'!$D$74))>0,((((1+E$83))*('계산'!$C$18+'계산'!$C$19)+'계산'!$C$22)*(1+('가정'!$D$57))*'가정'!$D$46+'가정'!$D$58)/('가정'!$D$12*('가정'!$D$14)*('가정'!$D$15)*($A84)*('가정'!$D$9)*('계산'!$C$14)-(((1+E$83))*'계산'!$C$18+'계산'!$C$22)*('가정'!$D$60)*'가정'!$D$46-'가정'!$D$50*(CHOOSE('가정'!$D$7,'가정'!$D$64,'가정'!$D$66,'가정'!$D$68,'가정'!$D$70))*('가정'!$D$9)/'가정'!$D$63*(CHOOSE('가정'!$D$7,'가정'!$D$65,'가정'!$D$67,'가정'!$D$69,'가정'!$D$71))*'가정'!$D$49*((1+E$83))*'가정'!$D$46-('가정'!$D$72+'가정'!$D$73+'가정'!$D$74)),"회수 불가") | F84: =IF(('가정'!$D$12*('가정'!$D$14)*('가정'!$D$15)*($A84)*('가정'!$D$9)*('계산'!$C$14)-(((1+F$83))*'계산'!$C$18+'계산'!$C$22)*('가정'!$D$60)*'가정'!$D$46-'가정'!$D$50*(CHOOSE('가정'!$D$7,'가정'!$D$64,'가정'!$D$66,'가정'!$D$68,'가정'!$D$70))*('가정'!$D$9)/'가정'!$D$63*(CHOOSE('가정'!$D$7,'가정'!$D$65,'가정'!$D$67,'가정'!$D$69,'가정'!$D$71))*'가정'!$D$49*((1+F$83))*'가정'!$D$46-('가정'!$D$72+'가정'!$D$73+'가정'!$D$74))>0,((((1+F$83))*('계산'!$C$18+'계산'!$C$19)+'계산'!$C$22)*(1+('가정'!$D$57))*'가정'!$D$46+'가정'!$D$58)/('가정'!$D$12*('가정'!$D$14)*('가정'!$D$15)*($A84)*('가정'!$D$9)*('계산'!$C$14)-(((1+F$83))*'계산'!$C$18+'계산'!$C$22)*('가정'!$D$60)*'가정'!$D$46-'가정'!$D$50*(CHOOSE('가정'!$D$7,'가정'!$D$64,'가정'!$D$66,'가정'!$D$68,'가정'!$D$70))*('가정'!$D$9)/'가정'!$D$63*(CHOOSE('가정'!$D$7,'가정'!$D$65,'가정'!$D$67,'가정'!$D$69,'가정'!$D$71))*'가정'!$D$49*((1+F$83))*'가정'!$D$46-('가정'!$D$72+'가정'!$D$73+'가정'!$D$74)),"회수 불가")
A85: 0.7 | B85: =IF(('가정'!$D$12*('가정'!$D$14)*('가정'!$D$15)*($A85)*('가정'!$D$9)*('계산'!$C$14)-(((1+B$83))*'계산'!$C$18+'계산'!$C$22)*('가정'!$D$60)*'가정'!$D$46-'가정'!$D$50*(CHOOSE('가정'!$D$7,'가정'!$D$64,'가정'!$D$66,'가정'!$D$68,'가정'!$D$70))*('가정'!$D$9)/'가정'!$D$63*(CHOOSE('가정'!$D$7,'가정'!$D$65,'가정'!$D$67,'가정'!$D$69,'가정'!$D$71))*'가정'!$D$49*((1+B$83))*'가정'!$D$46-('가정'!$D$72+'가정'!$D$73+'가정'!$D$74))>0,((((1+B$83))*('계산'!$C$18+'계산'!$C$19)+'계산'!$C$22)*(1+('가정'!$D$57))*'가정'!$D$46+'가정'!$D$58)/('가정'!$D$12*('가정'!$D$14)*('가정'!$D$15)*($A85)*('가정'!$D$9)*('계산'!$C$14)-(((1+B$83))*'계산'!$C$18+'계산'!$C$22)*('가정'!$D$60)*'가정'!$D$46-'가정'!$D$50*(CHOOSE('가정'!$D$7,'가정'!$D$64,'가정'!$D$66,'가정'!$D$68,'가정'!$D$70))*('가정'!$D$9)/'가정'!$D$63*(CHOOSE('가정'!$D$7,'가정'!$D$65,'가정'!$D$67,'가정'!$D$69,'가정'!$D$71))*'가정'!$D$49*((1+B$83))*'가정'!$D$46-('가정'!$D$72+'가정'!$D$73+'가정'!$D$74)),"회수 불가") | C85: =IF(('가정'!$D$12*('가정'!$D$14)*('가정'!$D$15)*($A85)*('가정'!$D$9)*('계산'!$C$14)-(((1+C$83))*'계산'!$C$18+'계산'!$C$22)*('가정'!$D$60)*'가정'!$D$46-'가정'!$D$50*(CHOOSE('가정'!$D$7,'가정'!$D$64,'가정'!$D$66,'가정'!$D$68,'가정'!$D$70))*('가정'!$D$9)/'가정'!$D$63*(CHOOSE('가정'!$D$7,'가정'!$D$65,'가정'!$D$67,'가정'!$D$69,'가정'!$D$71))*'가정'!$D$49*((1+C$83))*'가정'!$D$46-('가정'!$D$72+'가정'!$D$73+'가정'!$D$74))>0,((((1+C$83))*('계산'!$C$18+'계산'!$C$19)+'계산'!$C$22)*(1+('가정'!$D$57))*'가정'!$D$46+'가정'!$D$58)/('가정'!$D$12*('가정'!$D$14)*('가정'!$D$15)*($A85)*('가정'!$D$9)*('계산'!$C$14)-(((1+C$83))*'계산'!$C$18+'계산'!$C$22)*('가정'!$D$60)*'가정'!$D$46-'가정'!$D$50*(CHOOSE('가정'!$D$7,'가정'!$D$64,'가정'!$D$66,'가정'!$D$68,'가정'!$D$70))*('가정'!$D$9)/'가정'!$D$63*(CHOOSE('가정'!$D$7,'가정'!$D$65,'가정'!$D$67,'가정'!$D$69,'가정'!$D$71))*'가정'!$D$49*((1+C$83))*'가정'!$D$46-('가정'!$D$72+'가정'!$D$73+'가정'!$D$74)),"회수 불가") | D85: =IF(('가정'!$D$12*('가정'!$D$14)*('가정'!$D$15)*($A85)*('가정'!$D$9)*('계산'!$C$14)-(((1+D$83))*'계산'!$C$18+'계산'!$C$22)*('가정'!$D$60)*'가정'!$D$46-'가정'!$D$50*(CHOOSE('가정'!$D$7,'가정'!$D$64,'가정'!$D$66,'가정'!$D$68,'가정'!$D$70))*('가정'!$D$9)/'가정'!$D$63*(CHOOSE('가정'!$D$7,'가정'!$D$65,'가정'!$D$67,'가정'!$D$69,'가정'!$D$71))*'가정'!$D$49*((1+D$83))*'가정'!$D$46-('가정'!$D$72+'가정'!$D$73+'가정'!$D$74))>0,((((1+D$83))*('계산'!$C$18+'계산'!$C$19)+'계산'!$C$22)*(1+('가정'!$D$57))*'가정'!$D$46+'가정'!$D$58)/('가정'!$D$12*('가정'!$D$14)*('가정'!$D$15)*($A85)*('가정'!$D$9)*('계산'!$C$14)-(((1+D$83))*'계산'!$C$18+'계산'!$C$22)*('가정'!$D$60)*'가정'!$D$46-'가정'!$D$50*(CHOOSE('가정'!$D$7,'가정'!$D$64,'가정'!$D$66,'가정'!$D$68,'가정'!$D$70))*('가정'!$D$9)/'가정'!$D$63*(CHOOSE('가정'!$D$7,'가정'!$D$65,'가정'!$D$67,'가정'!$D$69,'가정'!$D$71))*'가정'!$D$49*((1+D$83))*'가정'!$D$46-('가정'!$D$72+'가정'!$D$73+'가정'!$D$74)),"회수 불가") | E85: =IF(('가정'!$D$12*('가정'!$D$14)*('가정'!$D$15)*($A85)*('가정'!$D$9)*('계산'!$C$14)-(((1+E$83))*'계산'!$C$18+'계산'!$C$22)*('가정'!$D$60)*'가정'!$D$46-'가정'!$D$50*(CHOOSE('가정'!$D$7,'가정'!$D$64,'가정'!$D$66,'가정'!$D$68,'가정'!$D$70))*('가정'!$D$9)/'가정'!$D$63*(CHOOSE('가정'!$D$7,'가정'!$D$65,'가정'!$D$67,'가정'!$D$69,'가정'!$D$71))*'가정'!$D$49*((1+E$83))*'가정'!$D$46-('가정'!$D$72+'가정'!$D$73+'가정'!$D$74))>0,((((1+E$83))*('계산'!$C$18+'계산'!$C$19)+'계산'!$C$22)*(1+('가정'!$D$57))*'가정'!$D$46+'가정'!$D$58)/('가정'!$D$12*('가정'!$D$14)*('가정'!$D$15)*($A85)*('가정'!$D$9)*('계산'!$C$14)-(((1+E$83))*'계산'!$C$18+'계산'!$C$22)*('가정'!$D$60)*'가정'!$D$46-'가정'!$D$50*(CHOOSE('가정'!$D$7,'가정'!$D$64,'가정'!$D$66,'가정'!$D$68,'가정'!$D$70))*('가정'!$D$9)/'가정'!$D$63*(CHOOSE('가정'!$D$7,'가정'!$D$65,'가정'!$D$67,'가정'!$D$69,'가정'!$D$71))*'가정'!$D$49*((1+E$83))*'가정'!$D$46-('가정'!$D$72+'가정'!$D$73+'가정'!$D$74)),"회수 불가") | F85: =IF(('가정'!$D$12*('가정'!$D$14)*('가정'!$D$15)*($A85)*('가정'!$D$9)*('계산'!$C$14)-(((1+F$83))*'계산'!$C$18+'계산'!$C$22)*('가정'!$D$60)*'가정'!$D$46-'가정'!$D$50*(CHOOSE('가정'!$D$7,'가정'!$D$64,'가정'!$D$66,'가정'!$D$68,'가정'!$D$70))*('가정'!$D$9)/'가정'!$D$63*(CHOOSE('가정'!$D$7,'가정'!$D$65,'가정'!$D$67,'가정'!$D$69,'가정'!$D$71))*'가정'!$D$49*((1+F$83))*'가정'!$D$46-('가정'!$D$72+'가정'!$D$73+'가정'!$D$74))>0,((((1+F$83))*('계산'!$C$18+'계산'!$C$19)+'계산'!$C$22)*(1+('가정'!$D$57))*'가정'!$D$46+'가정'!$D$58)/('가정'!$D$12*('가정'!$D$14)*('가정'!$D$15)*($A85)*('가정'!$D$9)*('계산'!$C$14)-(((1+F$83))*'계산'!$C$18+'계산'!$C$22)*('가정'!$D$60)*'가정'!$D$46-'가정'!$D$50*(CHOOSE('가정'!$D$7,'가정'!$D$64,'가정'!$D$66,'가정'!$D$68,'가정'!$D$70))*('가정'!$D$9)/'가정'!$D$63*(CHOOSE('가정'!$D$7,'가정'!$D$65,'가정'!$D$67,'가정'!$D$69,'가정'!$D$71))*'가정'!$D$49*((1+F$83))*'가정'!$D$46-('가정'!$D$72+'가정'!$D$73+'가정'!$D$74)),"회수 불가")
A86: 0.8 | B86: =IF(('가정'!$D$12*('가정'!$D$14)*('가정'!$D$15)*($A86)*('가정'!$D$9)*('계산'!$C$14)-(((1+B$83))*'계산'!$C$18+'계산'!$C$22)*('가정'!$D$60)*'가정'!$D$46-'가정'!$D$50*(CHOOSE('가정'!$D$7,'가정'!$D$64,'가정'!$D$66,'가정'!$D$68,'가정'!$D$70))*('가정'!$D$9)/'가정'!$D$63*(CHOOSE('가정'!$D$7,'가정'!$D$65,'가정'!$D$67,'가정'!$D$69,'가정'!$D$71))*'가정'!$D$49*((1+B$83))*'가정'!$D$46-('가정'!$D$72+'가정'!$D$73+'가정'!$D$74))>0,((((1+B$83))*('계산'!$C$18+'계산'!$C$19)+'계산'!$C$22)*(1+('가정'!$D$57))*'가정'!$D$46+'가정'!$D$58)/('가정'!$D$12*('가정'!$D$14)*('가정'!$D$15)*($A86)*('가정'!$D$9)*('계산'!$C$14)-(((1+B$83))*'계산'!$C$18+'계산'!$C$22)*('가정'!$D$60)*'가정'!$D$46-'가정'!$D$50*(CHOOSE('가정'!$D$7,'가정'!$D$64,'가정'!$D$66,'가정'!$D$68,'가정'!$D$70))*('가정'!$D$9)/'가정'!$D$63*(CHOOSE('가정'!$D$7,'가정'!$D$65,'가정'!$D$67,'가정'!$D$69,'가정'!$D$71))*'가정'!$D$49*((1+B$83))*'가정'!$D$46-('가정'!$D$72+'가정'!$D$73+'가정'!$D$74)),"회수 불가") | C86: =IF(('가정'!$D$12*('가정'!$D$14)*('가정'!$D$15)*($A86)*('가정'!$D$9)*('계산'!$C$14)-(((1+C$83))*'계산'!$C$18+'계산'!$C$22)*('가정'!$D$60)*'가정'!$D$46-'가정'!$D$50*(CHOOSE('가정'!$D$7,'가정'!$D$64,'가정'!$D$66,'가정'!$D$68,'가정'!$D$70))*('가정'!$D$9)/'가정'!$D$63*(CHOOSE('가정'!$D$7,'가정'!$D$65,'가정'!$D$67,'가정'!$D$69,'가정'!$D$71))*'가정'!$D$49*((1+C$83))*'가정'!$D$46-('가정'!$D$72+'가정'!$D$73+'가정'!$D$74))>0,((((1+C$83))*('계산'!$C$18+'계산'!$C$19)+'계산'!$C$22)*(1+('가정'!$D$57))*'가정'!$D$46+'가정'!$D$58)/('가정'!$D$12*('가정'!$D$14)*('가정'!$D$15)*($A86)*('가정'!$D$9)*('계산'!$C$14)-(((1+C$83))*'계산'!$C$18+'계산'!$C$22)*('가정'!$D$60)*'가정'!$D$46-'가정'!$D$50*(CHOOSE('가정'!$D$7,'가정'!$D$64,'가정'!$D$66,'가정'!$D$68,'가정'!$D$70))*('가정'!$D$9)/'가정'!$D$63*(CHOOSE('가정'!$D$7,'가정'!$D$65,'가정'!$D$67,'가정'!$D$69,'가정'!$D$71))*'가정'!$D$49*((1+C$83))*'가정'!$D$46-('가정'!$D$72+'가정'!$D$73+'가정'!$D$74)),"회수 불가") | D86: =IF(('가정'!$D$12*('가정'!$D$14)*('가정'!$D$15)*($A86)*('가정'!$D$9)*('계산'!$C$14)-(((1+D$83))*'계산'!$C$18+'계산'!$C$22)*('가정'!$D$60)*'가정'!$D$46-'가정'!$D$50*(CHOOSE('가정'!$D$7,'가정'!$D$64,'가정'!$D$66,'가정'!$D$68,'가정'!$D$70))*('가정'!$D$9)/'가정'!$D$63*(CHOOSE('가정'!$D$7,'가정'!$D$65,'가정'!$D$67,'가정'!$D$69,'가정'!$D$71))*'가정'!$D$49*((1+D$83))*'가정'!$D$46-('가정'!$D$72+'가정'!$D$73+'가정'!$D$74))>0,((((1+D$83))*('계산'!$C$18+'계산'!$C$19)+'계산'!$C$22)*(1+('가정'!$D$57))*'가정'!$D$46+'가정'!$D$58)/('가정'!$D$12*('가정'!$D$14)*('가정'!$D$15)*($A86)*('가정'!$D$9)*('계산'!$C$14)-(((1+D$83))*'계산'!$C$18+'계산'!$C$22)*('가정'!$D$60)*'가정'!$D$46-'가정'!$D$50*(CHOOSE('가정'!$D$7,'가정'!$D$64,'가정'!$D$66,'가정'!$D$68,'가정'!$D$70))*('가정'!$D$9)/'가정'!$D$63*(CHOOSE('가정'!$D$7,'가정'!$D$65,'가정'!$D$67,'가정'!$D$69,'가정'!$D$71))*'가정'!$D$49*((1+D$83))*'가정'!$D$46-('가정'!$D$72+'가정'!$D$73+'가정'!$D$74)),"회수 불가") | E86: =IF(('가정'!$D$12*('가정'!$D$14)*('가정'!$D$15)*($A86)*('가정'!$D$9)*('계산'!$C$14)-(((1+E$83))*'계산'!$C$18+'계산'!$C$22)*('가정'!$D$60)*'가정'!$D$46-'가정'!$D$50*(CHOOSE('가정'!$D$7,'가정'!$D$64,'가정'!$D$66,'가정'!$D$68,'가정'!$D$70))*('가정'!$D$9)/'가정'!$D$63*(CHOOSE('가정'!$D$7,'가정'!$D$65,'가정'!$D$67,'가정'!$D$69,'가정'!$D$71))*'가정'!$D$49*((1+E$83))*'가정'!$D$46-('가정'!$D$72+'가정'!$D$73+'가정'!$D$74))>0,((((1+E$83))*('계산'!$C$18+'계산'!$C$19)+'계산'!$C$22)*(1+('가정'!$D$57))*'가정'!$D$46+'가정'!$D$58)/('가정'!$D$12*('가정'!$D$14)*('가정'!$D$15)*($A86)*('가정'!$D$9)*('계산'!$C$14)-(((1+E$83))*'계산'!$C$18+'계산'!$C$22)*('가정'!$D$60)*'가정'!$D$46-'가정'!$D$50*(CHOOSE('가정'!$D$7,'가정'!$D$64,'가정'!$D$66,'가정'!$D$68,'가정'!$D$70))*('가정'!$D$9)/'가정'!$D$63*(CHOOSE('가정'!$D$7,'가정'!$D$65,'가정'!$D$67,'가정'!$D$69,'가정'!$D$71))*'가정'!$D$49*((1+E$83))*'가정'!$D$46-('가정'!$D$72+'가정'!$D$73+'가정'!$D$74)),"회수 불가") | F86: =IF(('가정'!$D$12*('가정'!$D$14)*('가정'!$D$15)*($A86)*('가정'!$D$9)*('계산'!$C$14)-(((1+F$83))*'계산'!$C$18+'계산'!$C$22)*('가정'!$D$60)*'가정'!$D$46-'가정'!$D$50*(CHOOSE('가정'!$D$7,'가정'!$D$64,'가정'!$D$66,'가정'!$D$68,'가정'!$D$70))*('가정'!$D$9)/'가정'!$D$63*(CHOOSE('가정'!$D$7,'가정'!$D$65,'가정'!$D$67,'가정'!$D$69,'가정'!$D$71))*'가정'!$D$49*((1+F$83))*'가정'!$D$46-('가정'!$D$72+'가정'!$D$73+'가정'!$D$74))>0,((((1+F$83))*('계산'!$C$18+'계산'!$C$19)+'계산'!$C$22)*(1+('가정'!$D$57))*'가정'!$D$46+'가정'!$D$58)/('가정'!$D$12*('가정'!$D$14)*('가정'!$D$15)*($A86)*('가정'!$D$9)*('계산'!$C$14)-(((1+F$83))*'계산'!$C$18+'계산'!$C$22)*('가정'!$D$60)*'가정'!$D$46-'가정'!$D$50*(CHOOSE('가정'!$D$7,'가정'!$D$64,'가정'!$D$66,'가정'!$D$68,'가정'!$D$70))*('가정'!$D$9)/'가정'!$D$63*(CHOOSE('가정'!$D$7,'가정'!$D$65,'가정'!$D$67,'가정'!$D$69,'가정'!$D$71))*'가정'!$D$49*((1+F$83))*'가정'!$D$46-('가정'!$D$72+'가정'!$D$73+'가정'!$D$74)),"회수 불가")
A87: 0.9 | B87: =IF(('가정'!$D$12*('가정'!$D$14)*('가정'!$D$15)*($A87)*('가정'!$D$9)*('계산'!$C$14)-(((1+B$83))*'계산'!$C$18+'계산'!$C$22)*('가정'!$D$60)*'가정'!$D$46-'가정'!$D$50*(CHOOSE('가정'!$D$7,'가정'!$D$64,'가정'!$D$66,'가정'!$D$68,'가정'!$D$70))*('가정'!$D$9)/'가정'!$D$63*(CHOOSE('가정'!$D$7,'가정'!$D$65,'가정'!$D$67,'가정'!$D$69,'가정'!$D$71))*'가정'!$D$49*((1+B$83))*'가정'!$D$46-('가정'!$D$72+'가정'!$D$73+'가정'!$D$74))>0,((((1+B$83))*('계산'!$C$18+'계산'!$C$19)+'계산'!$C$22)*(1+('가정'!$D$57))*'가정'!$D$46+'가정'!$D$58)/('가정'!$D$12*('가정'!$D$14)*('가정'!$D$15)*($A87)*('가정'!$D$9)*('계산'!$C$14)-(((1+B$83))*'계산'!$C$18+'계산'!$C$22)*('가정'!$D$60)*'가정'!$D$46-'가정'!$D$50*(CHOOSE('가정'!$D$7,'가정'!$D$64,'가정'!$D$66,'가정'!$D$68,'가정'!$D$70))*('가정'!$D$9)/'가정'!$D$63*(CHOOSE('가정'!$D$7,'가정'!$D$65,'가정'!$D$67,'가정'!$D$69,'가정'!$D$71))*'가정'!$D$49*((1+B$83))*'가정'!$D$46-('가정'!$D$72+'가정'!$D$73+'가정'!$D$74)),"회수 불가") | C87: =IF(('가정'!$D$12*('가정'!$D$14)*('가정'!$D$15)*($A87)*('가정'!$D$9)*('계산'!$C$14)-(((1+C$83))*'계산'!$C$18+'계산'!$C$22)*('가정'!$D$60)*'가정'!$D$46-'가정'!$D$50*(CHOOSE('가정'!$D$7,'가정'!$D$64,'가정'!$D$66,'가정'!$D$68,'가정'!$D$70))*('가정'!$D$9)/'가정'!$D$63*(CHOOSE('가정'!$D$7,'가정'!$D$65,'가정'!$D$67,'가정'!$D$69,'가정'!$D$71))*'가정'!$D$49*((1+C$83))*'가정'!$D$46-('가정'!$D$72+'가정'!$D$73+'가정'!$D$74))>0,((((1+C$83))*('계산'!$C$18+'계산'!$C$19)+'계산'!$C$22)*(1+('가정'!$D$57))*'가정'!$D$46+'가정'!$D$58)/('가정'!$D$12*('가정'!$D$14)*('가정'!$D$15)*($A87)*('가정'!$D$9)*('계산'!$C$14)-(((1+C$83))*'계산'!$C$18+'계산'!$C$22)*('가정'!$D$60)*'가정'!$D$46-'가정'!$D$50*(CHOOSE('가정'!$D$7,'가정'!$D$64,'가정'!$D$66,'가정'!$D$68,'가정'!$D$70))*('가정'!$D$9)/'가정'!$D$63*(CHOOSE('가정'!$D$7,'가정'!$D$65,'가정'!$D$67,'가정'!$D$69,'가정'!$D$71))*'가정'!$D$49*((1+C$83))*'가정'!$D$46-('가정'!$D$72+'가정'!$D$73+'가정'!$D$74)),"회수 불가") | D87: =IF(('가정'!$D$12*('가정'!$D$14)*('가정'!$D$15)*($A87)*('가정'!$D$9)*('계산'!$C$14)-(((1+D$83))*'계산'!$C$18+'계산'!$C$22)*('가정'!$D$60)*'가정'!$D$46-'가정'!$D$50*(CHOOSE('가정'!$D$7,'가정'!$D$64,'가정'!$D$66,'가정'!$D$68,'가정'!$D$70))*('가정'!$D$9)/'가정'!$D$63*(CHOOSE('가정'!$D$7,'가정'!$D$65,'가정'!$D$67,'가정'!$D$69,'가정'!$D$71))*'가정'!$D$49*((1+D$83))*'가정'!$D$46-('가정'!$D$72+'가정'!$D$73+'가정'!$D$74))>0,((((1+D$83))*('계산'!$C$18+'계산'!$C$19)+'계산'!$C$22)*(1+('가정'!$D$57))*'가정'!$D$46+'가정'!$D$58)/('가정'!$D$12*('가정'!$D$14)*('가정'!$D$15)*($A87)*('가정'!$D$9)*('계산'!$C$14)-(((1+D$83))*'계산'!$C$18+'계산'!$C$22)*('가정'!$D$60)*'가정'!$D$46-'가정'!$D$50*(CHOOSE('가정'!$D$7,'가정'!$D$64,'가정'!$D$66,'가정'!$D$68,'가정'!$D$70))*('가정'!$D$9)/'가정'!$D$63*(CHOOSE('가정'!$D$7,'가정'!$D$65,'가정'!$D$67,'가정'!$D$69,'가정'!$D$71))*'가정'!$D$49*((1+D$83))*'가정'!$D$46-('가정'!$D$72+'가정'!$D$73+'가정'!$D$74)),"회수 불가") | E87: =IF(('가정'!$D$12*('가정'!$D$14)*('가정'!$D$15)*($A87)*('가정'!$D$9)*('계산'!$C$14)-(((1+E$83))*'계산'!$C$18+'계산'!$C$22)*('가정'!$D$60)*'가정'!$D$46-'가정'!$D$50*(CHOOSE('가정'!$D$7,'가정'!$D$64,'가정'!$D$66,'가정'!$D$68,'가정'!$D$70))*('가정'!$D$9)/'가정'!$D$63*(CHOOSE('가정'!$D$7,'가정'!$D$65,'가정'!$D$67,'가정'!$D$69,'가정'!$D$71))*'가정'!$D$49*((1+E$83))*'가정'!$D$46-('가정'!$D$72+'가정'!$D$73+'가정'!$D$74))>0,((((1+E$83))*('계산'!$C$18+'계산'!$C$19)+'계산'!$C$22)*(1+('가정'!$D$57))*'가정'!$D$46+'가정'!$D$58)/('가정'!$D$12*('가정'!$D$14)*('가정'!$D$15)*($A87)*('가정'!$D$9)*('계산'!$C$14)-(((1+E$83))*'계산'!$C$18+'계산'!$C$22)*('가정'!$D$60)*'가정'!$D$46-'가정'!$D$50*(CHOOSE('가정'!$D$7,'가정'!$D$64,'가정'!$D$66,'가정'!$D$68,'가정'!$D$70))*('가정'!$D$9)/'가정'!$D$63*(CHOOSE('가정'!$D$7,'가정'!$D$65,'가정'!$D$67,'가정'!$D$69,'가정'!$D$71))*'가정'!$D$49*((1+E$83))*'가정'!$D$46-('가정'!$D$72+'가정'!$D$73+'가정'!$D$74)),"회수 불가") | F87: =IF(('가정'!$D$12*('가정'!$D$14)*('가정'!$D$15)*($A87)*('가정'!$D$9)*('계산'!$C$14)-(((1+F$83))*'계산'!$C$18+'계산'!$C$22)*('가정'!$D$60)*'가정'!$D$46-'가정'!$D$50*(CHOOSE('가정'!$D$7,'가정'!$D$64,'가정'!$D$66,'가정'!$D$68,'가정'!$D$70))*('가정'!$D$9)/'가정'!$D$63*(CHOOSE('가정'!$D$7,'가정'!$D$65,'가정'!$D$67,'가정'!$D$69,'가정'!$D$71))*'가정'!$D$49*((1+F$83))*'가정'!$D$46-('가정'!$D$72+'가정'!$D$73+'가정'!$D$74))>0,((((1+F$83))*('계산'!$C$18+'계산'!$C$19)+'계산'!$C$22)*(1+('가정'!$D$57))*'가정'!$D$46+'가정'!$D$58)/('가정'!$D$12*('가정'!$D$14)*('가정'!$D$15)*($A87)*('가정'!$D$9)*('계산'!$C$14)-(((1+F$83))*'계산'!$C$18+'계산'!$C$22)*('가정'!$D$60)*'가정'!$D$46-'가정'!$D$50*(CHOOSE('가정'!$D$7,'가정'!$D$64,'가정'!$D$66,'가정'!$D$68,'가정'!$D$70))*('가정'!$D$9)/'가정'!$D$63*(CHOOSE('가정'!$D$7,'가정'!$D$65,'가정'!$D$67,'가정'!$D$69,'가정'!$D$71))*'가정'!$D$49*((1+F$83))*'가정'!$D$46-('가정'!$D$72+'가정'!$D$73+'가정'!$D$74)),"회수 불가")
A88: 0.95 | B88: =IF(('가정'!$D$12*('가정'!$D$14)*('가정'!$D$15)*($A88)*('가정'!$D$9)*('계산'!$C$14)-(((1+B$83))*'계산'!$C$18+'계산'!$C$22)*('가정'!$D$60)*'가정'!$D$46-'가정'!$D$50*(CHOOSE('가정'!$D$7,'가정'!$D$64,'가정'!$D$66,'가정'!$D$68,'가정'!$D$70))*('가정'!$D$9)/'가정'!$D$63*(CHOOSE('가정'!$D$7,'가정'!$D$65,'가정'!$D$67,'가정'!$D$69,'가정'!$D$71))*'가정'!$D$49*((1+B$83))*'가정'!$D$46-('가정'!$D$72+'가정'!$D$73+'가정'!$D$74))>0,((((1+B$83))*('계산'!$C$18+'계산'!$C$19)+'계산'!$C$22)*(1+('가정'!$D$57))*'가정'!$D$46+'가정'!$D$58)/('가정'!$D$12*('가정'!$D$14)*('가정'!$D$15)*($A88)*('가정'!$D$9)*('계산'!$C$14)-(((1+B$83))*'계산'!$C$18+'계산'!$C$22)*('가정'!$D$60)*'가정'!$D$46-'가정'!$D$50*(CHOOSE('가정'!$D$7,'가정'!$D$64,'가정'!$D$66,'가정'!$D$68,'가정'!$D$70))*('가정'!$D$9)/'가정'!$D$63*(CHOOSE('가정'!$D$7,'가정'!$D$65,'가정'!$D$67,'가정'!$D$69,'가정'!$D$71))*'가정'!$D$49*((1+B$83))*'가정'!$D$46-('가정'!$D$72+'가정'!$D$73+'가정'!$D$74)),"회수 불가") | C88: =IF(('가정'!$D$12*('가정'!$D$14)*('가정'!$D$15)*($A88)*('가정'!$D$9)*('계산'!$C$14)-(((1+C$83))*'계산'!$C$18+'계산'!$C$22)*('가정'!$D$60)*'가정'!$D$46-'가정'!$D$50*(CHOOSE('가정'!$D$7,'가정'!$D$64,'가정'!$D$66,'가정'!$D$68,'가정'!$D$70))*('가정'!$D$9)/'가정'!$D$63*(CHOOSE('가정'!$D$7,'가정'!$D$65,'가정'!$D$67,'가정'!$D$69,'가정'!$D$71))*'가정'!$D$49*((1+C$83))*'가정'!$D$46-('가정'!$D$72+'가정'!$D$73+'가정'!$D$74))>0,((((1+C$83))*('계산'!$C$18+'계산'!$C$19)+'계산'!$C$22)*(1+('가정'!$D$57))*'가정'!$D$46+'가정'!$D$58)/('가정'!$D$12*('가정'!$D$14)*('가정'!$D$15)*($A88)*('가정'!$D$9)*('계산'!$C$14)-(((1+C$83))*'계산'!$C$18+'계산'!$C$22)*('가정'!$D$60)*'가정'!$D$46-'가정'!$D$50*(CHOOSE('가정'!$D$7,'가정'!$D$64,'가정'!$D$66,'가정'!$D$68,'가정'!$D$70))*('가정'!$D$9)/'가정'!$D$63*(CHOOSE('가정'!$D$7,'가정'!$D$65,'가정'!$D$67,'가정'!$D$69,'가정'!$D$71))*'가정'!$D$49*((1+C$83))*'가정'!$D$46-('가정'!$D$72+'가정'!$D$73+'가정'!$D$74)),"회수 불가") | D88: =IF(('가정'!$D$12*('가정'!$D$14)*('가정'!$D$15)*($A88)*('가정'!$D$9)*('계산'!$C$14)-(((1+D$83))*'계산'!$C$18+'계산'!$C$22)*('가정'!$D$60)*'가정'!$D$46-'가정'!$D$50*(CHOOSE('가정'!$D$7,'가정'!$D$64,'가정'!$D$66,'가정'!$D$68,'가정'!$D$70))*('가정'!$D$9)/'가정'!$D$63*(CHOOSE('가정'!$D$7,'가정'!$D$65,'가정'!$D$67,'가정'!$D$69,'가정'!$D$71))*'가정'!$D$49*((1+D$83))*'가정'!$D$46-('가정'!$D$72+'가정'!$D$73+'가정'!$D$74))>0,((((1+D$83))*('계산'!$C$18+'계산'!$C$19)+'계산'!$C$22)*(1+('가정'!$D$57))*'가정'!$D$46+'가정'!$D$58)/('가정'!$D$12*('가정'!$D$14)*('가정'!$D$15)*($A88)*('가정'!$D$9)*('계산'!$C$14)-(((1+D$83))*'계산'!$C$18+'계산'!$C$22)*('가정'!$D$60)*'가정'!$D$46-'가정'!$D$50*(CHOOSE('가정'!$D$7,'가정'!$D$64,'가정'!$D$66,'가정'!$D$68,'가정'!$D$70))*('가정'!$D$9)/'가정'!$D$63*(CHOOSE('가정'!$D$7,'가정'!$D$65,'가정'!$D$67,'가정'!$D$69,'가정'!$D$71))*'가정'!$D$49*((1+D$83))*'가정'!$D$46-('가정'!$D$72+'가정'!$D$73+'가정'!$D$74)),"회수 불가") | E88: =IF(('가정'!$D$12*('가정'!$D$14)*('가정'!$D$15)*($A88)*('가정'!$D$9)*('계산'!$C$14)-(((1+E$83))*'계산'!$C$18+'계산'!$C$22)*('가정'!$D$60)*'가정'!$D$46-'가정'!$D$50*(CHOOSE('가정'!$D$7,'가정'!$D$64,'가정'!$D$66,'가정'!$D$68,'가정'!$D$70))*('가정'!$D$9)/'가정'!$D$63*(CHOOSE('가정'!$D$7,'가정'!$D$65,'가정'!$D$67,'가정'!$D$69,'가정'!$D$71))*'가정'!$D$49*((1+E$83))*'가정'!$D$46-('가정'!$D$72+'가정'!$D$73+'가정'!$D$74))>0,((((1+E$83))*('계산'!$C$18+'계산'!$C$19)+'계산'!$C$22)*(1+('가정'!$D$57))*'가정'!$D$46+'가정'!$D$58)/('가정'!$D$12*('가정'!$D$14)*('가정'!$D$15)*($A88)*('가정'!$D$9)*('계산'!$C$14)-(((1+E$83))*'계산'!$C$18+'계산'!$C$22)*('가정'!$D$60)*'가정'!$D$46-'가정'!$D$50*(CHOOSE('가정'!$D$7,'가정'!$D$64,'가정'!$D$66,'가정'!$D$68,'가정'!$D$70))*('가정'!$D$9)/'가정'!$D$63*(CHOOSE('가정'!$D$7,'가정'!$D$65,'가정'!$D$67,'가정'!$D$69,'가정'!$D$71))*'가정'!$D$49*((1+E$83))*'가정'!$D$46-('가정'!$D$72+'가정'!$D$73+'가정'!$D$74)),"회수 불가") | F88: =IF(('가정'!$D$12*('가정'!$D$14)*('가정'!$D$15)*($A88)*('가정'!$D$9)*('계산'!$C$14)-(((1+F$83))*'계산'!$C$18+'계산'!$C$22)*('가정'!$D$60)*'가정'!$D$46-'가정'!$D$50*(CHOOSE('가정'!$D$7,'가정'!$D$64,'가정'!$D$66,'가정'!$D$68,'가정'!$D$70))*('가정'!$D$9)/'가정'!$D$63*(CHOOSE('가정'!$D$7,'가정'!$D$65,'가정'!$D$67,'가정'!$D$69,'가정'!$D$71))*'가정'!$D$49*((1+F$83))*'가정'!$D$46-('가정'!$D$72+'가정'!$D$73+'가정'!$D$74))>0,((((1+F$83))*('계산'!$C$18+'계산'!$C$19)+'계산'!$C$22)*(1+('가정'!$D$57))*'가정'!$D$46+'가정'!$D$58)/('가정'!$D$12*('가정'!$D$14)*('가정'!$D$15)*($A88)*('가정'!$D$9)*('계산'!$C$14)-(((1+F$83))*'계산'!$C$18+'계산'!$C$22)*('가정'!$D$60)*'가정'!$D$46-'가정'!$D$50*(CHOOSE('가정'!$D$7,'가정'!$D$64,'가정'!$D$66,'가정'!$D$68,'가정'!$D$70))*('가정'!$D$9)/'가정'!$D$63*(CHOOSE('가정'!$D$7,'가정'!$D$65,'가정'!$D$67,'가정'!$D$69,'가정'!$D$71))*'가정'!$D$49*((1+F$83))*'가정'!$D$46-('가정'!$D$72+'가정'!$D$73+'가정'!$D$74)),"회수 불가")
A89: 1 | B89: =IF(('가정'!$D$12*('가정'!$D$14)*('가정'!$D$15)*($A89)*('가정'!$D$9)*('계산'!$C$14)-(((1+B$83))*'계산'!$C$18+'계산'!$C$22)*('가정'!$D$60)*'가정'!$D$46-'가정'!$D$50*(CHOOSE('가정'!$D$7,'가정'!$D$64,'가정'!$D$66,'가정'!$D$68,'가정'!$D$70))*('가정'!$D$9)/'가정'!$D$63*(CHOOSE('가정'!$D$7,'가정'!$D$65,'가정'!$D$67,'가정'!$D$69,'가정'!$D$71))*'가정'!$D$49*((1+B$83))*'가정'!$D$46-('가정'!$D$72+'가정'!$D$73+'가정'!$D$74))>0,((((1+B$83))*('계산'!$C$18+'계산'!$C$19)+'계산'!$C$22)*(1+('가정'!$D$57))*'가정'!$D$46+'가정'!$D$58)/('가정'!$D$12*('가정'!$D$14)*('가정'!$D$15)*($A89)*('가정'!$D$9)*('계산'!$C$14)-(((1+B$83))*'계산'!$C$18+'계산'!$C$22)*('가정'!$D$60)*'가정'!$D$46-'가정'!$D$50*(CHOOSE('가정'!$D$7,'가정'!$D$64,'가정'!$D$66,'가정'!$D$68,'가정'!$D$70))*('가정'!$D$9)/'가정'!$D$63*(CHOOSE('가정'!$D$7,'가정'!$D$65,'가정'!$D$67,'가정'!$D$69,'가정'!$D$71))*'가정'!$D$49*((1+B$83))*'가정'!$D$46-('가정'!$D$72+'가정'!$D$73+'가정'!$D$74)),"회수 불가") | C89: =IF(('가정'!$D$12*('가정'!$D$14)*('가정'!$D$15)*($A89)*('가정'!$D$9)*('계산'!$C$14)-(((1+C$83))*'계산'!$C$18+'계산'!$C$22)*('가정'!$D$60)*'가정'!$D$46-'가정'!$D$50*(CHOOSE('가정'!$D$7,'가정'!$D$64,'가정'!$D$66,'가정'!$D$68,'가정'!$D$70))*('가정'!$D$9)/'가정'!$D$63*(CHOOSE('가정'!$D$7,'가정'!$D$65,'가정'!$D$67,'가정'!$D$69,'가정'!$D$71))*'가정'!$D$49*((1+C$83))*'가정'!$D$46-('가정'!$D$72+'가정'!$D$73+'가정'!$D$74))>0,((((1+C$83))*('계산'!$C$18+'계산'!$C$19)+'계산'!$C$22)*(1+('가정'!$D$57))*'가정'!$D$46+'가정'!$D$58)/('가정'!$D$12*('가정'!$D$14)*('가정'!$D$15)*($A89)*('가정'!$D$9)*('계산'!$C$14)-(((1+C$83))*'계산'!$C$18+'계산'!$C$22)*('가정'!$D$60)*'가정'!$D$46-'가정'!$D$50*(CHOOSE('가정'!$D$7,'가정'!$D$64,'가정'!$D$66,'가정'!$D$68,'가정'!$D$70))*('가정'!$D$9)/'가정'!$D$63*(CHOOSE('가정'!$D$7,'가정'!$D$65,'가정'!$D$67,'가정'!$D$69,'가정'!$D$71))*'가정'!$D$49*((1+C$83))*'가정'!$D$46-('가정'!$D$72+'가정'!$D$73+'가정'!$D$74)),"회수 불가") | D89: =IF(('가정'!$D$12*('가정'!$D$14)*('가정'!$D$15)*($A89)*('가정'!$D$9)*('계산'!$C$14)-(((1+D$83))*'계산'!$C$18+'계산'!$C$22)*('가정'!$D$60)*'가정'!$D$46-'가정'!$D$50*(CHOOSE('가정'!$D$7,'가정'!$D$64,'가정'!$D$66,'가정'!$D$68,'가정'!$D$70))*('가정'!$D$9)/'가정'!$D$63*(CHOOSE('가정'!$D$7,'가정'!$D$65,'가정'!$D$67,'가정'!$D$69,'가정'!$D$71))*'가정'!$D$49*((1+D$83))*'가정'!$D$46-('가정'!$D$72+'가정'!$D$73+'가정'!$D$74))>0,((((1+D$83))*('계산'!$C$18+'계산'!$C$19)+'계산'!$C$22)*(1+('가정'!$D$57))*'가정'!$D$46+'가정'!$D$58)/('가정'!$D$12*('가정'!$D$14)*('가정'!$D$15)*($A89)*('가정'!$D$9)*('계산'!$C$14)-(((1+D$83))*'계산'!$C$18+'계산'!$C$22)*('가정'!$D$60)*'가정'!$D$46-'가정'!$D$50*(CHOOSE('가정'!$D$7,'가정'!$D$64,'가정'!$D$66,'가정'!$D$68,'가정'!$D$70))*('가정'!$D$9)/'가정'!$D$63*(CHOOSE('가정'!$D$7,'가정'!$D$65,'가정'!$D$67,'가정'!$D$69,'가정'!$D$71))*'가정'!$D$49*((1+D$83))*'가정'!$D$46-('가정'!$D$72+'가정'!$D$73+'가정'!$D$74)),"회수 불가") | E89: =IF(('가정'!$D$12*('가정'!$D$14)*('가정'!$D$15)*($A89)*('가정'!$D$9)*('계산'!$C$14)-(((1+E$83))*'계산'!$C$18+'계산'!$C$22)*('가정'!$D$60)*'가정'!$D$46-'가정'!$D$50*(CHOOSE('가정'!$D$7,'가정'!$D$64,'가정'!$D$66,'가정'!$D$68,'가정'!$D$70))*('가정'!$D$9)/'가정'!$D$63*(CHOOSE('가정'!$D$7,'가정'!$D$65,'가정'!$D$67,'가정'!$D$69,'가정'!$D$71))*'가정'!$D$49*((1+E$83))*'가정'!$D$46-('가정'!$D$72+'가정'!$D$73+'가정'!$D$74))>0,((((1+E$83))*('계산'!$C$18+'계산'!$C$19)+'계산'!$C$22)*(1+('가정'!$D$57))*'가정'!$D$46+'가정'!$D$58)/('가정'!$D$12*('가정'!$D$14)*('가정'!$D$15)*($A89)*('가정'!$D$9)*('계산'!$C$14)-(((1+E$83))*'계산'!$C$18+'계산'!$C$22)*('가정'!$D$60)*'가정'!$D$46-'가정'!$D$50*(CHOOSE('가정'!$D$7,'가정'!$D$64,'가정'!$D$66,'가정'!$D$68,'가정'!$D$70))*('가정'!$D$9)/'가정'!$D$63*(CHOOSE('가정'!$D$7,'가정'!$D$65,'가정'!$D$67,'가정'!$D$69,'가정'!$D$71))*'가정'!$D$49*((1+E$83))*'가정'!$D$46-('가정'!$D$72+'가정'!$D$73+'가정'!$D$74)),"회수 불가") | F89: =IF(('가정'!$D$12*('가정'!$D$14)*('가정'!$D$15)*($A89)*('가정'!$D$9)*('계산'!$C$14)-(((1+F$83))*'계산'!$C$18+'계산'!$C$22)*('가정'!$D$60)*'가정'!$D$46-'가정'!$D$50*(CHOOSE('가정'!$D$7,'가정'!$D$64,'가정'!$D$66,'가정'!$D$68,'가정'!$D$70))*('가정'!$D$9)/'가정'!$D$63*(CHOOSE('가정'!$D$7,'가정'!$D$65,'가정'!$D$67,'가정'!$D$69,'가정'!$D$71))*'가정'!$D$49*((1+F$83))*'가정'!$D$46-('가정'!$D$72+'가정'!$D$73+'가정'!$D$74))>0,((((1+F$83))*('계산'!$C$18+'계산'!$C$19)+'계산'!$C$22)*(1+('가정'!$D$57))*'가정'!$D$46+'가정'!$D$58)/('가정'!$D$12*('가정'!$D$14)*('가정'!$D$15)*($A89)*('가정'!$D$9)*('계산'!$C$14)-(((1+F$83))*'계산'!$C$18+'계산'!$C$22)*('가정'!$D$60)*'가정'!$D$46-'가정'!$D$50*(CHOOSE('가정'!$D$7,'가정'!$D$64,'가정'!$D$66,'가정'!$D$68,'가정'!$D$70))*('가정'!$D$9)/'가정'!$D$63*(CHOOSE('가정'!$D$7,'가정'!$D$65,'가정'!$D$67,'가정'!$D$69,'가정'!$D$71))*'가정'!$D$49*((1+F$83))*'가정'!$D$46-('가정'!$D$72+'가정'!$D$73+'가정'!$D$74)),"회수 불가")
A92: 8. 손 단가 시나리오 - $23,000(제품 DB, 기본) 대 $7,500(RLWRLD 블로그) (B8)
A93: 손 단가는 가정 시트 D49(기본)와 D87(대안) 입력 셀 하나씩이며 투자비, 통합비, 손 소모비가 모두 이 값을 따른다. 팔·시스템 유지보수는 '손 제외 하드웨어' 기준이라 손 단가와 무관하다. 통합비는 현 모델이 하드웨어 합계(손 포함)에 비례하므로 '연동'이 현 모델 방식이고, '비연동'은 통합비를 $23,000 기준 금액으로 고정한 값이다. 둘 다 공식 견적이 아니므로 헤드라인에는 반영하지 않는다(추정).
A94: 손 교체 시나리오 | B94: 낙관 (f1, 20%) | E94: 기본 (f2, 20%) | H94: 보수 (f2, 100%)
A95: 항목 \ 손 단가 | B95: $23,000 (D49) | C95: $7,500 (D87) | D95: 차이 (7,500-23,000) | E95: $23,000 (D49) | F95: $7,500 (D87) | G95: 차이 (7,500-23,000) | H95: $23,000 (D49) | I95: $7,500 (D87) | J95: 차이 (7,500-23,000)
A96: f: 손 1개당 연 교체 횟수 (2교대 기준) | B96: ='가정'!$D$64 | C96: ='가정'!$D$64 | E96: ='가정'!$D$66 | F96: ='가정'!$D$66 | H96: ='가정'!$D$68 | I96: ='가정'!$D$68
A97: 교체당 비용 비율 (손 가격 대비) | B97: ='가정'!$D$65 | C97: ='가정'!$D$65 | E97: ='가정'!$D$67 | F97: ='가정'!$D$67 | H97: ='가정'!$D$69 | I97: ='가정'!$D$69
A98: 손 단가 (USD/개) | B98: ='가정'!$D$49 | C98: ='가정'!$D$87 | D98: =IF(AND(ISNUMBER(B98),ISNUMBER(C98)),C98-B98,"-") | E98: ='가정'!$D$49 | F98: ='가정'!$D$87 | G98: =IF(AND(ISNUMBER(E98),ISNUMBER(F98)),F98-E98,"-") | H98: ='가정'!$D$49 | I98: ='가정'!$D$87 | J98: =IF(AND(ISNUMBER(H98),ISNUMBER(I98)),I98-H98,"-")
A99: 손 투자비 (USD, 손 개수분) | B99: =B98*'가정'!$D$50 | C99: =C98*'가정'!$D$50 | D99: =IF(AND(ISNUMBER(B99),ISNUMBER(C99)),C99-B99,"-") | E99: =E98*'가정'!$D$50 | F99: =F98*'가정'!$D$50 | G99: =IF(AND(ISNUMBER(E99),ISNUMBER(F99)),F99-E99,"-") | H99: =H98*'가정'!$D$50 | I99: =I98*'가정'!$D$50 | J99: =IF(AND(ISNUMBER(H99),ISNUMBER(I99)),I99-H99,"-")
A100: 손 외 하드웨어 (USD, 팔+센서+카메라+지그+PC) | B100: ='계산'!$C$18+'계산'!$C$22 | C100: ='계산'!$C$18+'계산'!$C$22 | D100: =IF(AND(ISNUMBER(B100),ISNUMBER(C100)),C100-B100,"-") | E100: ='계산'!$C$18+'계산'!$C$22 | F100: ='계산'!$C$18+'계산'!$C$22 | G100: =IF(AND(ISNUMBER(E100),ISNUMBER(F100)),F100-E100,"-") | H100: ='계산'!$C$18+'계산'!$C$22 | I100: ='계산'!$C$18+'계산'!$C$22 | J100: =IF(AND(ISNUMBER(H100),ISNUMBER(I100)),I100-H100,"-")
A101: 하드웨어 합계 (USD) | B101: =B99+B100 | C101: =C99+C100 | D101: =IF(AND(ISNUMBER(B101),ISNUMBER(C101)),C101-B101,"-") | E101: =E99+E100 | F101: =F99+F100 | G101: =IF(AND(ISNUMBER(E101),ISNUMBER(F101)),F101-E101,"-") | H101: =H99+H100 | I101: =I99+I100 | J101: =IF(AND(ISNUMBER(H101),ISNUMBER(I101)),I101-H101,"-")
A102: 통합비 (USD) - 연동 (하드웨어 비례, 현 모델) | B102: =B101*'가정'!$D$57 | C102: =C101*'가정'!$D$57 | D102: =IF(AND(ISNUMBER(B102),ISNUMBER(C102)),C102-B102,"-") | E102: =E101*'가정'!$D$57 | F102: =F101*'가정'!$D$57 | G102: =IF(AND(ISNUMBER(E102),ISNUMBER(F102)),F102-E102,"-") | H102: =H101*'가정'!$D$57 | I102: =I101*'가정'!$D$57 | J102: =IF(AND(ISNUMBER(H102),ISNUMBER(I102)),I102-H102,"-")
A103: 통합비 (USD) - 비연동 ($23,000 기준 고정) | B103: =(B100+'가정'!$D$49*'가정'!$D$50)*'가정'!$D$57 | C103: =(C100+'가정'!$D$49*'가정'!$D$50)*'가정'!$D$57 | D103: =IF(AND(ISNUMBER(B103),ISNUMBER(C103)),C103-B103,"-") | E103: =(E100+'가정'!$D$49*'가정'!$D$50)*'가정'!$D$57 | F103: =(F100+'가정'!$D$49*'가정'!$D$50)*'가정'!$D$57 | G103: =IF(AND(ISNUMBER(E103),ISNUMBER(F103)),F103-E103,"-") | H103: =(H100+'가정'!$D$49*'가정'!$D$50)*'가정'!$D$57 | I103: =(I100+'가정'!$D$49*'가정'!$D$50)*'가정'!$D$57 | J103: =IF(AND(ISNUMBER(H103),ISNUMBER(I103)),I103-H103,"-")
A104: 총 투자비 (USD) - 연동 | B104: =B101+B102 | C104: =C101+C102 | D104: =IF(AND(ISNUMBER(B104),ISNUMBER(C104)),C104-B104,"-") | E104: =E101+E102 | F104: =F101+F102 | G104: =IF(AND(ISNUMBER(E104),ISNUMBER(F104)),F104-E104,"-") | H104: =H101+H102 | I104: =I101+I102 | J104: =IF(AND(ISNUMBER(H104),ISNUMBER(I104)),I104-H104,"-")
A105: 총 투자비 (USD) - 비연동 | B105: =B101+B103 | C105: =C101+C103 | D105: =IF(AND(ISNUMBER(B105),ISNUMBER(C105)),C105-B105,"-") | E105: =E101+E103 | F105: =F101+F103 | G105: =IF(AND(ISNUMBER(E105),ISNUMBER(F105)),F105-E105,"-") | H105: =H101+H103 | I105: =I101+I103 | J105: =IF(AND(ISNUMBER(H105),ISNUMBER(I105)),I105-H105,"-")
A106: 총 투자비 (원) - 연동 | B106: =B104*'가정'!$D$46+'가정'!$D$58 | C106: =C104*'가정'!$D$46+'가정'!$D$58 | D106: =IF(AND(ISNUMBER(B106),ISNUMBER(C106)),C106-B106,"-") | E106: =E104*'가정'!$D$46+'가정'!$D$58 | F106: =F104*'가정'!$D$46+'가정'!$D$58 | G106: =IF(AND(ISNUMBER(E106),ISNUMBER(F106)),F106-E106,"-") | H106: =H104*'가정'!$D$46+'가정'!$D$58 | I106: =I104*'가정'!$D$46+'가정'!$D$58 | J106: =IF(AND(ISNUMBER(H106),ISNUMBER(I106)),I106-H106,"-")
A107: 총 투자비 (원) - 비연동 | B107: =B105*'가정'!$D$46+'가정'!$D$58 | C107: =C105*'가정'!$D$46+'가정'!$D$58 | D107: =IF(AND(ISNUMBER(B107),ISNUMBER(C107)),C107-B107,"-") | E107: =E105*'가정'!$D$46+'가정'!$D$58 | F107: =F105*'가정'!$D$46+'가정'!$D$58 | G107: =IF(AND(ISNUMBER(E107),ISNUMBER(F107)),F107-E107,"-") | H107: =H105*'가정'!$D$46+'가정'!$D$58 | I107: =I105*'가정'!$D$46+'가정'!$D$58 | J107: =IF(AND(ISNUMBER(H107),ISNUMBER(I107)),I107-H107,"-")
A108: 손 소모비 (원/년) | B108: ='가정'!$D$50*B96*'계산'!$C$42/'가정'!$D$63*B97*B98*'가정'!$D$46 | C108: ='가정'!$D$50*C96*'계산'!$C$42/'가정'!$D$63*C97*C98*'가정'!$D$46 | D108: =IF(AND(ISNUMBER(B108),ISNUMBER(C108)),C108-B108,"-") | E108: ='가정'!$D$50*E96*'계산'!$C$42/'가정'!$D$63*E97*E98*'가정'!$D$46 | F108: ='가정'!$D$50*F96*'계산'!$C$42/'가정'!$D$63*F97*F98*'가정'!$D$46 | G108: =IF(AND(ISNUMBER(E108),ISNUMBER(F108)),F108-E108,"-") | H108: ='가정'!$D$50*H96*'계산'!$C$42/'가정'!$D$63*H97*H98*'가정'!$D$46 | I108: ='가정'!$D$50*I96*'계산'!$C$42/'가정'!$D$63*I97*I98*'가정'!$D$46 | J108: =IF(AND(ISNUMBER(H108),ISNUMBER(I108)),I108-H108,"-")
A109: 연간 운영비 (원) | B109: ='계산'!$C$50+B108+'계산'!$C$53 | C109: ='계산'!$C$50+C108+'계산'!$C$53 | D109: =IF(AND(ISNUMBER(B109),ISNUMBER(C109)),C109-B109,"-") | E109: ='계산'!$C$50+E108+'계산'!$C$53 | F109: ='계산'!$C$50+F108+'계산'!$C$53 | G109: =IF(AND(ISNUMBER(E109),ISNUMBER(F109)),F109-E109,"-") | H109: ='계산'!$C$50+H108+'계산'!$C$53 | I109: ='계산'!$C$50+I108+'계산'!$C$53 | J109: =IF(AND(ISNUMBER(H109),ISNUMBER(I109)),I109-H109,"-")
A110: 연간 순효과 (원) | B110: ='계산'!$C$49-B109 | C110: ='계산'!$C$49-C109 | D110: =IF(AND(ISNUMBER(B110),ISNUMBER(C110)),C110-B110,"-") | E110: ='계산'!$C$49-E109 | F110: ='계산'!$C$49-F109 | G110: =IF(AND(ISNUMBER(E110),ISNUMBER(F110)),F110-E110,"-") | H110: ='계산'!$C$49-H109 | I110: ='계산'!$C$49-I109 | J110: =IF(AND(ISNUMBER(H110),ISNUMBER(I110)),I110-H110,"-")
A111: 단순 회수 기간 (년) - 연동 | B111: =IF(B110>0,B106/B110,"회수 불가") | C111: =IF(C110>0,C106/C110,"회수 불가") | D111: =IF(AND(ISNUMBER(B111),ISNUMBER(C111)),C111-B111,"-") | E111: =IF(E110>0,E106/E110,"회수 불가") | F111: =IF(F110>0,F106/F110,"회수 불가") | G111: =IF(AND(ISNUMBER(E111),ISNUMBER(F111)),F111-E111,"-") | H111: =IF(H110>0,H106/H110,"회수 불가") | I111: =IF(I110>0,I106/I110,"회수 불가") | J111: =IF(AND(ISNUMBER(H111),ISNUMBER(I111)),I111-H111,"-")
A112: 5년 NPV (원) - 연동 | B112: =-B106+NPV('가정'!$D$83,B110,B110,B110,B110,B110) | C112: =-C106+NPV('가정'!$D$83,C110,C110,C110,C110,C110) | D112: =IF(AND(ISNUMBER(B112),ISNUMBER(C112)),C112-B112,"-") | E112: =-E106+NPV('가정'!$D$83,E110,E110,E110,E110,E110) | F112: =-F106+NPV('가정'!$D$83,F110,F110,F110,F110,F110) | G112: =IF(AND(ISNUMBER(E112),ISNUMBER(F112)),F112-E112,"-") | H112: =-H106+NPV('가정'!$D$83,H110,H110,H110,H110,H110) | I112: =-I106+NPV('가정'!$D$83,I110,I110,I110,I110,I110) | J112: =IF(AND(ISNUMBER(H112),ISNUMBER(I112)),I112-H112,"-")
A113: 단순 회수 기간 (년) - 비연동 | B113: =IF(B110>0,B107/B110,"회수 불가") | C113: =IF(C110>0,C107/C110,"회수 불가") | D113: =IF(AND(ISNUMBER(B113),ISNUMBER(C113)),C113-B113,"-") | E113: =IF(E110>0,E107/E110,"회수 불가") | F113: =IF(F110>0,F107/F110,"회수 불가") | G113: =IF(AND(ISNUMBER(E113),ISNUMBER(F113)),F113-E113,"-") | H113: =IF(H110>0,H107/H110,"회수 불가") | I113: =IF(I110>0,I107/I110,"회수 불가") | J113: =IF(AND(ISNUMBER(H113),ISNUMBER(I113)),I113-H113,"-")
A114: 5년 NPV (원) - 비연동 | B114: =-B107+NPV('가정'!$D$83,B110,B110,B110,B110,B110) | C114: =-C107+NPV('가정'!$D$83,C110,C110,C110,C110,C110) | D114: =IF(AND(ISNUMBER(B114),ISNUMBER(C114)),C114-B114,"-") | E114: =-E107+NPV('가정'!$D$83,E110,E110,E110,E110,E110) | F114: =-F107+NPV('가정'!$D$83,F110,F110,F110,F110,F110) | G114: =IF(AND(ISNUMBER(E114),ISNUMBER(F114)),F114-E114,"-") | H114: =-H107+NPV('가정'!$D$83,H110,H110,H110,H110,H110) | I114: =-I107+NPV('가정'!$D$83,I110,I110,I110,I110,I110) | J114: =IF(AND(ISNUMBER(H114),ISNUMBER(I114)),I114-H114,"-")
A115: 기준 확인: 기본(f2·20%) $23,000 열의 회수·NPV가 계산 시트 기본 열과 같은가 (가정 D7=2일 때만 해당) | E115: =IF('가정'!$D$7=2,IF(AND(ABS(E112-'계산'!C59)<1,ABS(E111-'계산'!C56)<0.0005),"일치","불일치"),"선택 아님")
A116: 손 단가가 5년 NPV에 주는 폭 (기본 f2·20%, 연동, 백만 원) 대 1절 최대 변수 폭 | E116: =ABS(G112)/1000000 | F116: ="1절 최대 폭 "&TEXT(MAX($F$9:$F$17),"#,##0")&" 백만 원"

Sheet 검산
A1: 검산 - 시트 수식 결과 vs 별도 Python 계산 vs 연구 문서 값
A2: 'Python 독립 계산'은 .venv/bin/python으로 시트와 별개의 코드로 계산해 붙여 넣은 숫자(수식 아님). '시트 수식'은 계산·가정 시트 링크. 차이가 허용오차(년 0.0005, 원 1,000원) 안이면 일치. '문서 값'은 research/q7, case/analysis.md 7.5절, research/q8의 인용값(반올림)이다.
A4: 검산 항목 | B4: 단위 | C4: Python 독립 계산 | D4: 시트 수식 | E4: 차이 | F4: 판정 | G4: 문서 값 (반올림) | H4: 문서 출처
A5: A. 인건비 환산 (Q8 5절 시나리오)
A6: 연 인건비/인 - 하한 | B6: 원 | C6: 31990916 | D6: ='계산'!C13 | E6: =D6-C6 | F6: =IF(ABS(E6)<=1000,"일치","불일치") | G6: 31990907 | H6: research/q8-wage-inputs.md 5절
A7: 연 인건비/인 - 기본 | B7: 원 | C7: 63764449 | D7: ='계산'!D13 | E7: =D7-C7 | F7: =IF(ABS(E7)<=1000,"일치","불일치") | G7: 63771373 | H7: research/q8-wage-inputs.md 5절
A8: 연 인건비/인 - 상한 | B8: 원 | C8: 74326312 | D8: ='계산'!E13 | E8: =D8-C8 | F8: =IF(ABS(E8)<=1000,"일치","불일치") | G8: 74331947 | H8: research/q8-wage-inputs.md 5절
A9: A2. 문서 값(Q8 5절)과 시트 값의 상대 차이: 하한/기본/상한 (%) | C9: ='계산'!C13/31990907-1 | D9: ='계산'!D13/63771373-1 | E9: ='계산'!E13/74331947-1 | H9: Q8 문서는 야간조 계수를 295.7로 반올림(시트는 209+0.5x173.3=295.65). 차이는 0.01% 안팎
A10: B. Q7 재현 (구 가정: 인건비 4,700만 원, 유지보수 하드웨어 10%, 대체 1.9명)
A11: 회수 기간: N=1 손 전체 (f=0.5, 100%) | B11: 년 | C11: 10.599558 | D11: ='계산'!L56 | E11: =IF(AND(ISNUMBER(C11),ISNUMBER(D11)),D11-C11,IF(C11=D11,0,999)) | F11: =IF(ABS(E11)<=0.0005,"일치","불일치") | G11: 10.6 | H11: Q7 6-2a, analysis.md 7.5절
A12: 회수 기간: N=2 손 전체 (f=1, 100%) | B12: 년 | C12: 77.25043 | D12: ='계산'!M56 | E12: =IF(AND(ISNUMBER(C12),ISNUMBER(D12)),D12-C12,IF(C12=D12,0,999)) | F12: =IF(ABS(E12)<=0.0005,"일치","불일치") | G12: 77.3 | H12: Q7 6-2a (analysis 7.5절 약 77)
A13: 회수 기간: 교체비 0 | B13: 년 | C13: 5.6901532 | D13: ='계산'!N56 | E13: =IF(AND(ISNUMBER(C13),ISNUMBER(D13)),D13-C13,IF(C13=D13,0,999)) | F13: =IF(ABS(E13)<=0.0005,"일치","불일치") | G13: 5.7 | H13: Q7 6-2a, analysis.md 7.5절
A14: 회수 기간: N=2 모듈 20% (f=1) | B14: 년 | C14: 6.9840821 | D14: ='계산'!O56 | E14: =IF(AND(ISNUMBER(C14),ISNUMBER(D14)),D14-C14,IF(C14=D14,0,999)) | F14: =IF(ABS(E14)<=0.0005,"일치","불일치") | G14: 7 | H14: Q7 6-2a
A15: 회수 기간: N=4 모듈 20% (f=2, 기본 시나리오 후보) | B15: 년 | C15: 9.0396885 | D15: ='계산'!P56 | E15: =IF(AND(ISNUMBER(C15),ISNUMBER(D15)),D15-C15,IF(C15=D15,0,999)) | F15: =IF(ABS(E15)<=0.0005,"일치","불일치") | G15: 9 | H15: Q7 6-2a, 6절
A16: 회수 기간: 3교대 N=6 모듈 20% (f=2 x1.5) | B16: 년 | C16: 5.2373866 | D16: ='계산'!Q56 | E16: =IF(AND(ISNUMBER(C16),ISNUMBER(D16)),D16-C16,IF(C16=D16,0,999)) | F16: =IF(ABS(E16)<=0.0005,"일치","불일치") | G16: 5.2 | H16: Q7 6-2b
A17: 회수 기간: 3교대 교체비 0 | B17: 년 | C17: 3.4648439 | D17: ='계산'!R56 | E17: =IF(AND(ISNUMBER(C17),ISNUMBER(D17)),D17-C17,IF(C17=D17,0,999)) | F17: =IF(ABS(E17)<=0.0005,"일치","불일치") | G17: 3.5 | H17: analysis.md 7.5절
A18: 회수 기간: 속도비 0.5 교체비 0 | B18: 년 | C18: 15.90556 | D18: ='계산'!S56 | E18: =IF(AND(ISNUMBER(C18),ISNUMBER(D18)),D18-C18,IF(C18=D18,0,999)) | F18: =IF(ABS(E18)<=0.0005,"일치","불일치") | G18: 15.9 | H18: analysis.md 7.5절 (PoC 게이트)
A19: 연 순절감: 교체비 0 (원) | B19: 원 | C19: 69520800 | D19: ='계산'!N55 | E19: =D19-C19 | F19: =IF(ABS(E19)<=1000,"일치","불일치") | G19: 69520000 | H19: analysis.md 7.5절 '6,952만 원'
A20: 5년 회수 필요 연 순절감 (원) | B20: 원 | C20: 79116800 | D20: ='계산'!C28 | E20: =D20-C20 | F20: =IF(ABS(E20)<=1000,"일치","불일치") | G20: 79116800 | H20: analysis.md 7.5절 '약 7,912만 원'
A21: 총 투자비 (원) | B21: 원 | C21: 395584000 | D21: ='계산'!C27 | E21: =D21-C21 | F21: =IF(ABS(E21)<=1,"일치","불일치") | G21: 395584000 | H21: analysis.md 7.3·7.5절
A22: C. 신규 가정(Q8 인건비 + Q7 유지보수 분리) 시나리오 - 시트 수식 대 Python
A23: 기본: 회수 기간 | B23: 년 | C23: 4.4924194 | D23: ='계산'!C56 | E23: =IF(AND(ISNUMBER(C23),ISNUMBER(D23)),D23-C23,IF(C23=D23,0,999)) | F23: =IF(ABS(E23)<=0.0005,"일치","불일치") | H23: 문서 값 없음(신규 가정)
A24: 기본: 5년 NPV | B24: 원 | C24: -44002351 | D24: ='계산'!C59 | E24: =D24-C24 | F24: =IF(ABS(E24)<=1000,"일치","불일치") | H24: 문서 값 없음(신규 가정)
A25: 인건비 하한: 회수 기간 | B25: 년 | C25: 14.28814 | D25: ='계산'!D56 | E25: =IF(AND(ISNUMBER(C25),ISNUMBER(D25)),D25-C25,IF(C25=D25,0,999)) | F25: =IF(ABS(E25)<=0.0005,"일치","불일치") | H25: 문서 값 없음(신규 가정)
A26: 인건비 하한: 5년 NPV | B26: 원 | C26: -2.8504111e+08 | D26: ='계산'!D59 | E26: =D26-C26 | F26: =IF(ABS(E26)<=1000,"일치","불일치") | H26: 문서 값 없음(신규 가정)
A27: 인건비 상한: 회수 기간 | B27: 년 | C27: 3.6586334 | D27: ='계산'!E56 | E27: =IF(AND(ISNUMBER(C27),ISNUMBER(D27)),D27-C27,IF(C27=D27,0,999)) | F27: =IF(ABS(E27)<=0.0005,"일치","불일치") | H27: 문서 값 없음(신규 가정)
A28: 인건비 상한: 5년 NPV | B28: 원 | C28: 36121516 | D28: ='계산'!E59 | E28: =D28-C28 | F28: =IF(ABS(E28)<=1000,"일치","불일치") | H28: 문서 값 없음(신규 가정)
A29: 손 교체 낙관: 회수 기간 | B29: 년 | C29: 3.9191608 | D29: ='계산'!F56 | E29: =IF(AND(ISNUMBER(C29),ISNUMBER(D29)),D29-C29,IF(C29=D29,0,999)) | F29: =IF(ABS(E29)<=0.0005,"일치","불일치") | H29: 문서 값 없음(신규 가정)
A30: 손 교체 낙관: 5년 NPV | B30: 원 | C30: 7423754.5 | D30: ='계산'!F59 | E30: =D30-C30 | F30: =IF(ABS(E30)<=1000,"일치","불일치") | H30: 문서 값 없음(신규 가정)
A31: 손 교체 보수: 회수 기간 | B31: 년 | C31: 회수 불가 | D31: ='계산'!G56 | E31: =IF(AND(ISNUMBER(C31),ISNUMBER(D31)),D31-C31,IF(C31=D31,0,999)) | F31: =IF(ABS(E31)<=0.0005,"일치","불일치") | H31: 문서 값 없음(신규 가정)
A32: 손 교체 보수: 5년 NPV | B32: 원 | C32: -4.5541119e+08 | D32: ='계산'!G59 | E32: =D32-C32 | F32: =IF(ABS(E32)<=1000,"일치","불일치") | H32: 문서 값 없음(신규 가정)
A33: 손 교체 없음: 회수 기간 | B33: 년 | C33: 3.4756482 | D33: ='계산'!H56 | E33: =IF(AND(ISNUMBER(C33),ISNUMBER(D33)),D33-C33,IF(C33=D33,0,999)) | F33: =IF(ABS(E33)<=0.0005,"일치","불일치") | H33: 문서 값 없음(신규 가정)
A34: 손 교체 없음: 5년 NPV | B34: 원 | C34: 58849860 | D34: ='계산'!H59 | E34: =D34-C34 | F34: =IF(ABS(E34)<=1000,"일치","불일치") | H34: 문서 값 없음(신규 가정)
A35: 3교대: 회수 기간 | B35: 년 | C35: 2.9140171 | D35: ='계산'!I56 | E35: =IF(AND(ISNUMBER(C35),ISNUMBER(D35)),D35-C35,IF(C35=D35,0,999)) | F35: =IF(ABS(E35)<=0.0005,"일치","불일치") | H35: 문서 값 없음(신규 가정)
A36: 3교대: 5년 NPV | B36: 원 | C36: 1.4643485e+08 | D36: ='계산'!I59 | E36: =D36-C36 | F36: =IF(ABS(E36)<=1000,"일치","불일치") | H36: 문서 값 없음(신규 가정)
A37: 속도비 0.5: 회수 기간 | B37: 년 | C37: 14.395517 | D37: ='계산'!J56 | E37: =IF(AND(ISNUMBER(C37),ISNUMBER(D37)),D37-C37,IF(C37=D37,0,999)) | F37: =IF(ABS(E37)<=0.0005,"일치","불일치") | H37: 문서 값 없음(신규 가정)
A38: 속도비 0.5: 5년 NPV | B38: 원 | C38: -2.8586566e+08 | D38: ='계산'!J59 | E38: =D38-C38 | F38: =IF(ABS(E38)<=1000,"일치","불일치") | H38: 문서 값 없음(신규 가정)
A39: 속도비 0.25: 회수 기간 | B39: 년 | C39: 회수 불가 | D39: ='계산'!K56 | E39: =IF(AND(ISNUMBER(C39),ISNUMBER(D39)),D39-C39,IF(C39=D39,0,999)) | F39: =IF(ABS(E39)<=0.0005,"일치","불일치") | H39: 문서 값 없음(신규 가정)
A40: 속도비 0.25: 5년 NPV | B40: 원 | C40: -4.0679731e+08 | D40: ='계산'!K59 | E40: =D40-C40 | F40: =IF(ABS(E40)<=1000,"일치","불일치") | H40: 문서 값 없음(신규 가정)
A42: 불일치 건수 (0이어야 함) | C42: =COUNTIF(F5:F40,"불일치")
A44: D. 손 단가 시나리오 (B8) - 민감도 시트 8절 vs Python 독립 계산, 허용오차 년 0.0005 / 원 1,000
A45: 낙관 f1·20% $23,000 연동: 총 투자비 | B45: 원 | C45: 395584000 | D45: ='민감도'!B106 | E45: =D45-C45 | F45: =IF(ABS(E45)<=1000,"일치","불일치") | H45: 신규(B8), 문서 값 없음
A46: 낙관 f1·20% $23,000 연동: 회수 기간 | B46: 년 | C46: 3.9191608 | D46: ='민감도'!B111 | E46: =IF(AND(ISNUMBER(C46),ISNUMBER(D46)),D46-C46,IF(C46=D46,0,999)) | F46: =IF(ABS(E46)<=0.0005,"일치","불일치") | H46: 신규(B8), 문서 값 없음
A47: 낙관 f1·20% $23,000 연동: 5년 NPV | B47: 원 | C47: 7423754.5 | D47: ='민감도'!B112 | E47: =D47-C47 | F47: =IF(ABS(E47)<=1000,"일치","불일치") | H47: 신규(B8), 문서 값 없음
A48: 낙관 f1·20% $23,000: 손 소모비 | B48: 원/년 | C48: 12880000 | D48: ='민감도'!B108 | E48: =D48-C48 | F48: =IF(ABS(E48)<=1000,"일치","불일치") | H48: 신규(B8), 문서 값 없음
A49: 낙관 f1·20% $7,500 연동: 총 투자비 | B49: 원 | C49: 308784000 | D49: ='민감도'!C106 | E49: =D49-C49 | F49: =IF(ABS(E49)<=1000,"일치","불일치") | H49: 신규(B8), 문서 값 없음
A50: 낙관 f1·20% $7,500 연동: 회수 기간 | B50: 년 | C50: 2.8169638 | D50: ='민감도'!C111 | E50: =IF(AND(ISNUMBER(C50),ISNUMBER(D50)),D50-C50,IF(C50=D50,0,999)) | F50: =IF(ABS(E50)<=0.0005,"일치","불일치") | H50: 신규(B8), 문서 값 없음
A51: 낙관 f1·20% $7,500 연동: 5년 NPV | B51: 원 | C51: 1.2888048e+08 | D51: ='민감도'!C112 | E51: =D51-C51 | F51: =IF(ABS(E51)<=1000,"일치","불일치") | H51: 신규(B8), 문서 값 없음
A52: 낙관 f1·20% $7,500 비연동: 총 투자비 | B52: 원 | C52: 352184000 | D52: ='민감도'!C107 | E52: =D52-C52 | F52: =IF(ABS(E52)<=1000,"일치","불일치") | H52: 신규(B8), 문서 값 없음
A53: 낙관 f1·20% $7,500 비연동: 회수 기간 | B53: 년 | C53: 3.2128918 | D53: ='민감도'!C113 | E53: =IF(AND(ISNUMBER(C53),ISNUMBER(D53)),D53-C53,IF(C53=D53,0,999)) | F53: =IF(ABS(E53)<=0.0005,"일치","불일치") | H53: 신규(B8), 문서 값 없음
A54: 낙관 f1·20% $7,500 비연동: 5년 NPV | B54: 원 | C54: 85480478 | D54: ='민감도'!C114 | E54: =D54-C54 | F54: =IF(ABS(E54)<=1000,"일치","불일치") | H54: 신규(B8), 문서 값 없음
A55: 낙관 f1·20% $7,500: 손 소모비 | B55: 원/년 | C55: 4200000 | D55: ='민감도'!C108 | E55: =D55-C55 | F55: =IF(ABS(E55)<=1000,"일치","불일치") | H55: 신규(B8), 문서 값 없음
A56: 기본 f2·20% $23,000 연동: 총 투자비 | B56: 원 | C56: 395584000 | D56: ='민감도'!E106 | E56: =D56-C56 | F56: =IF(ABS(E56)<=1000,"일치","불일치") | H56: 신규(B8), 문서 값 없음
A57: 기본 f2·20% $23,000 연동: 회수 기간 | B57: 년 | C57: 4.4924194 | D57: ='민감도'!E111 | E57: =IF(AND(ISNUMBER(C57),ISNUMBER(D57)),D57-C57,IF(C57=D57,0,999)) | F57: =IF(ABS(E57)<=0.0005,"일치","불일치") | H57: 신규(B8), 문서 값 없음
A58: 기본 f2·20% $23,000 연동: 5년 NPV | B58: 원 | C58: -44002351 | D58: ='민감도'!E112 | E58: =D58-C58 | F58: =IF(ABS(E58)<=1000,"일치","불일치") | H58: 신규(B8), 문서 값 없음
A59: 기본 f2·20% $23,000: 손 소모비 | B59: 원/년 | C59: 25760000 | D59: ='민감도'!E108 | E59: =D59-C59 | F59: =IF(ABS(E59)<=1000,"일치","불일치") | H59: 신규(B8), 문서 값 없음
A60: 기본 f2·20% $7,500 연동: 총 투자비 | B60: 원 | C60: 308784000 | D60: ='민감도'!F106 | E60: =D60-C60 | F60: =IF(ABS(E60)<=1000,"일치","불일치") | H60: 신규(B8), 문서 값 없음
A61: 기본 f2·20% $7,500 연동: 회수 기간 | B61: 년 | C61: 2.9291978 | D61: ='민감도'!F111 | E61: =IF(AND(ISNUMBER(C61),ISNUMBER(D61)),D61-C61,IF(C61=D61,0,999)) | F61: =IF(ABS(E61)<=0.0005,"일치","불일치") | H61: 신규(B8), 문서 값 없음
A62: 기본 f2·20% $7,500 연동: 5년 NPV | B62: 원 | C62: 1.121111e+08 | D62: ='민감도'!F112 | E62: =D62-C62 | F62: =IF(ABS(E62)<=1000,"일치","불일치") | H62: 신규(B8), 문서 값 없음
A63: 기본 f2·20% $7,500 비연동: 총 투자비 | B63: 원 | C63: 352184000 | D63: ='민감도'!F107 | E63: =D63-C63 | F63: =IF(ABS(E63)<=1000,"일치","불일치") | H63: 신규(B8), 문서 값 없음
A64: 기본 f2·20% $7,500 비연동: 회수 기간 | B64: 년 | C64: 3.3409004 | D64: ='민감도'!F113 | E64: =IF(AND(ISNUMBER(C64),ISNUMBER(D64)),D64-C64,IF(C64=D64,0,999)) | F64: =IF(ABS(E64)<=0.0005,"일치","불일치") | H64: 신규(B8), 문서 값 없음
A65: 기본 f2·20% $7,500 비연동: 5년 NPV | B65: 원 | C65: 68711095 | D65: ='민감도'!F114 | E65: =D65-C65 | F65: =IF(ABS(E65)<=1000,"일치","불일치") | H65: 신규(B8), 문서 값 없음
A66: 기본 f2·20% $7,500: 손 소모비 | B66: 원/년 | C66: 8400000 | D66: ='민감도'!F108 | E66: =D66-C66 | F66: =IF(ABS(E66)<=1000,"일치","불일치") | H66: 신규(B8), 문서 값 없음
A67: 보수 f2·100% $23,000 연동: 총 투자비 | B67: 원 | C67: 395584000 | D67: ='민감도'!H106 | E67: =D67-C67 | F67: =IF(ABS(E67)<=1000,"일치","불일치") | H67: 신규(B8), 문서 값 없음
A68: 보수 f2·100% $23,000 연동: 회수 기간 | B68: 년 | C68: 회수 불가 | D68: ='민감도'!H111 | E68: =IF(AND(ISNUMBER(C68),ISNUMBER(D68)),D68-C68,IF(C68=D68,0,999)) | F68: =IF(ABS(E68)<=0.0005,"일치","불일치") | H68: 신규(B8), 문서 값 없음
A69: 보수 f2·100% $23,000 연동: 5년 NPV | B69: 원 | C69: -4.5541119e+08 | D69: ='민감도'!H112 | E69: =D69-C69 | F69: =IF(ABS(E69)<=1000,"일치","불일치") | H69: 신규(B8), 문서 값 없음
A70: 보수 f2·100% $23,000: 손 소모비 | B70: 원/년 | C70: 128800000 | D70: ='민감도'!H108 | E70: =D70-C70 | F70: =IF(ABS(E70)<=1000,"일치","불일치") | H70: 신규(B8), 문서 값 없음
A71: 보수 f2·100% $7,500 연동: 총 투자비 | B71: 원 | C71: 308784000 | D71: ='민감도'!I106 | E71: =D71-C71 | F71: =IF(ABS(E71)<=1000,"일치","불일치") | H71: 신규(B8), 문서 값 없음
A72: 보수 f2·100% $7,500 연동: 회수 기간 | B72: 년 | C72: 4.2996611 | D72: ='민감도'!I111 | E72: =IF(AND(ISNUMBER(C72),ISNUMBER(D72)),D72-C72,IF(C72=D72,0,999)) | F72: =IF(ABS(E72)<=0.0005,"일치","불일치") | H72: 신규(B8), 문서 값 없음
A73: 보수 f2·100% $7,500 연동: 5년 NPV | B73: 원 | C73: -22043962 | D73: ='민감도'!I112 | E73: =D73-C73 | F73: =IF(ABS(E73)<=1000,"일치","불일치") | H73: 신규(B8), 문서 값 없음
A74: 보수 f2·100% $7,500 비연동: 총 투자비 | B74: 원 | C74: 352184000 | D74: ='민감도'!I107 | E74: =D74-C74 | F74: =IF(ABS(E74)<=1000,"일치","불일치") | H74: 신규(B8), 문서 값 없음
A75: 보수 f2·100% $7,500 비연동: 회수 기간 | B75: 년 | C75: 4.9039841 | D75: ='민감도'!I113 | E75: =IF(AND(ISNUMBER(C75),ISNUMBER(D75)),D75-C75,IF(C75=D75,0,999)) | F75: =IF(ABS(E75)<=0.0005,"일치","불일치") | H75: 신규(B8), 문서 값 없음
A76: 보수 f2·100% $7,500 비연동: 5년 NPV | B76: 원 | C76: -65443962 | D76: ='민감도'!I114 | E76: =D76-C76 | F76: =IF(ABS(E76)<=1000,"일치","불일치") | H76: 신규(B8), 문서 값 없음
A77: 보수 f2·100% $7,500: 손 소모비 | B77: 원/년 | C77: 42000000 | D77: ='민감도'!I108 | E77: =D77-C77 | F77: =IF(ABS(E77)<=1000,"일치","불일치") | H77: 신규(B8), 문서 값 없음
A78: 교차: 8절 기본 f2·20% $23,000 NPV - 계산 시트 C열 NPV (D7=2 기준) | B78: 원 | C78: 0 | D78: ='민감도'!E112-'계산'!C59 | E78: =D78-C78 | F78: =IF(ABS(E78)<=1000,"일치","불일치") | H78: 8절이 기존 계산 열과 같은지 (기본 열은 가정 D7=2일 때)
A79: 교차: 8절 낙관 f1·20% $23,000 NPV - 계산 시트 F열 NPV (D7=2 기준) | B79: 원 | C79: 0 | D79: ='민감도'!B112-'계산'!F59 | E79: =D79-C79 | F79: =IF(ABS(E79)<=1000,"일치","불일치") | H79: 8절이 기존 계산 열과 같은지 (기본 열은 가정 D7=2일 때)
A80: 교차: 8절 보수 f2·100% $23,000 NPV - 계산 시트 G열 NPV (D7=2 기준) | B80: 원 | C80: 0 | D80: ='민감도'!H112-'계산'!G59 | E80: =D80-C80 | F80: =IF(ABS(E80)<=1000,"일치","불일치") | H80: 8절이 기존 계산 열과 같은지 (기본 열은 가정 D7=2일 때)
A81: 손 대 그리퍼 단가비 $23,000 / $7,500 (Python) | B81: 배 | C81: 3.1724138 | D81: ='요약'!B49 | E81: =D81-C81 | F81: =IF(ABS(E81)<=0.0005,"일치","불일치") | H81: Q9/요청: 약 3.2배
A82: 손 대 그리퍼 단가비 $7,500 (Python) | B82: 배 | C82: 1.0344828 | D82: ='요약'!C49 | E82: =D82-C82 | F82: =IF(ABS(E82)<=0.0005,"일치","불일치") | H82: Q9/요청: 약 1.03배
A83: D절 불일치 건수 (0이어야 함) | C83: =COUNTIF(F45:F82,"불일치")
A85: E. Q9 근사(research/q9-allhandsup.md 7절)와 시트 계산 대조 - 차이는 이슈가 아니라 정의 차이
A86: Q9 기존 회수 약 4.5년 vs 시트 $23,000 기본(f2·20%) | B86: 년 | C86: 4.5 | D86: ='민감도'!E111 | E86: =D86-C86 | F86: =IF(ABS(E86)<=0.05,"일치","차이") | H86: Q9는 반올림 값(0.05년 허용)
A87: Q9 근사 회수 약 3.3년 vs 시트 $7,500 비연동(손 투자만 감소) | B87: 년 | C87: 3.3 | D87: ='민감도'!F113 | E87: =D87-C87 | F87: =IF(ABS(E87)<=0.05,"일치","차이") | H87: Q9식 = (395.6M-43.4M)/(88.06M+17.36M), 통합비 고정이므로 비연동과 같은 식
A88: Q9 근사 회수 약 3.3년 vs 시트 $7,500 연동(현 모델 방식) | B88: 년 | C88: 3.3 | D88: ='민감도'!F111 | E88: =D88-C88 | F88: =IF(ABS(E88)<=0.05,"일치","차이") | H88: 원인: 현 모델의 통합비가 하드웨어(손 포함)에 비례(손 2개 x $15,500 x 100% 추가 감소 = 4,340만 원). Q9도 "연동되면 더 짧아진다"고 명시. 유지보수는 손 제외 기준이라 영향 없음
